frame,arxiv,doi,year,neg_sites,neg_values,neg_attributed,pos_sites,pos_values,pos_attributed,frac_sites,frac_attributed,frac_indexed,spurfrac_sites,spurfrac_attributed,spurfrac_indexed,spurious_terms,successor_criteria
A,2011.02505,10.1093/mnras/stab1242,2020,0,,0,0,,0,0,0,0,0,0,0,0,ruwe
A,2012.01742,10.1051/0004-6361/202039653,2020,0,,0,0,,0,0,0,0,0,0,0,0,excess_noise|ruwe
A,2012.01916,10.1051/0004-6361/202039587,2020,0,,0,0,,0,0,0,0,0,0,0,0,
A,2012.06420,10.1051/0004-6361/202039637,2020,0,,0,0,,0,0,0,0,2,0,0,16,
A,2012.08534,10.3847/2041-8213/abdbaf,2020,0,,0,0,,0,0,0,0,0,0,0,0,
A,2012.09204,10.1093/mnras/stab2253,2020,0,,0,0,,0,0,0,0,0,0,0,0,ipd_gof|ruwe
A,2101.05282,10.1093/MNRAS/STAB323,2021,0,,0,4,5,0,0,0,0,0,0,0,9,ipd_gof|ruwe|sigma5d
A,2101.05811,10.1051/0004-6361/202039714,2021,0,,0,0,,0,0,0,0,0,0,0,1,ipd_gof|ruwe|visibility
A,2101.07122,10.1093/mnras/stab213,2021,0,,0,0,,0,0,0,0,0,0,0,0,excess_noise|ruwe
A,2101.10206,10.1051/0004-6361/202140418,2021,0,,0,0,,0,0,0,0,0,0,0,0,ruwe
B,2102.07790,10.3847/1538-4357/ac2f49,2021,0,,0,0,,0,0,0,0,0,0,0,0,
A,2102.09568,10.1093/mnras/stab1475,2021,0,,0,0,,0,0,0,0,0,0,0,0,excess_noise|fidelity|ipd_gof|ruwe|visibility
A,2102.13654,10.1051/0004-6361/202142008,2021,0,,0,0,,0,0,0,0,0,0,0,0,ipd_gof|ruwe|visibility
A,2103.05000,10.1103/physrevlett.127.241104,2021,0,,0,0,,0,0,0,0,1,1,1,2,
A,2103.07432,10.1051/0004-6361/202140807,2021,0,,0,0,,0,0,0,0,0,0,0,0,
A,2103.09923,10.3847/1538-4357/abee83,2021,0,,0,0,,0,0,0,0,0,0,0,0,ruwe
B,2103.12760,10.3847/1538-3881/ac0fdc,2021,0,,0,0,,0,0,0,0,0,0,0,0,ruwe
A,2104.00662,10.1093/mnras/stab1568,2021,0,,0,0,,0,0,0,0,0,0,0,0,excess_noise|ipd_gof|ruwe|visibility
B,2104.04231,10.3847/1538-3881/ac34f9,2021,0,,0,0,,0,0,0,0,0,0,0,0,
A,2104.07934,10.1093/mnras/stab2045,2021,0,,0,0,,0,0,0,0,0,0,0,0,
A,2104.11759,10.1051/0004-6361/202039519,2021,0,,0,0,,0,0,0,0,0,0,0,0,ruwe
B,2104.12883,10.3847/1538-4357/ac14be,2021,0,,0,1,5,0,0,0,0,0,0,0,0,
A,2104.13148,10.1051/0004-6361/202040272,2021,0,,0,0,,0,0,0,0,0,0,0,0,ruwe
B,2104.13941,10.3847/1538-3881/abf932,2021,0,,0,0,,0,0,0,0,0,0,0,0,ruwe
A,2104.14565,10.1093/mnras/stab1267,2021,0,,0,0,,0,0,0,0,0,0,0,0,ruwe
A,2105.06108,10.1093/mnras/stab1404,2021,0,,0,0,,0,0,0,0,0,0,0,0,
B,2105.07266,10.3847/1538-4357/ac6035,2021,0,,0,0,,0,0,0,0,0,0,0,0,
A,2105.11662,10.3847/1538-4365/abf93c,2021,0,,0,0,,0,0,0,0,0,0,0,0,
A,2105.13370,10.3847/1538-3881/ac0632,2021,0,,0,0,,0,0,0,0,0,0,0,0,ruwe
B,2105.13379,10.1093/mnras/stab1559,2021,0,,0,0,,0,0,0,0,0,0,0,0,
A,2106.07669,10.1093/mnras/stab2672,2021,0,,0,8,1|2|4|6,1,0,0,0,0,0,0,1,excess_noise|fidelity|ipd_gof|ruwe|sigma5d
A,2106.08128,10.1051/0004-6361/202140862,2021,0,,0,0,,0,0,0,0,0,0,0,0,gof_al|ruwe
A,2106.08819,10.1051/0004-6361/202141528,2021,0,,0,0,,0,0,0,0,0,0,0,0,ipd_gof|ruwe
A,2106.13337,10.1038/s41550-023-01913-1,2021,0,,0,0,,0,0,0,0,0,0,0,0,ruwe
A,2106.15656,10.3847/1538-4357/ac0e95,2021,0,,0,0,,0,0,0,0,0,0,0,0,
A,2107.00036,10.3847/1538-4357/ac545c,2021,0,,0,0,,0,0,0,0,0,0,0,0,ruwe
B,2107.06303,10.1093/mnras/stab2039,2021,0,,0,0,,0,0,0,0,0,0,0,0,ruwe
B,2107.06340,10.1051/0004-6361/202141381,2021,0,,0,0,,0,0,0,0,0,0,0,0,
A,2107.06373,10.3847/1538-3881/ac1423,2021,0,,0,0,,0,0,0,0,0,0,0,0,
A,2107.08057,10.1093/mnras/stab2079,2021,0,,0,0,,0,0,0,0,0,0,0,0,ruwe
A,2107.10259,10.3847/1538-4357/ac1585,2021,0,,0,0,,0,0,0,0,0,0,0,0,excess_noise|ruwe
A,2107.12691,10.1051/0004-6361/202141725,2021,0,,0,0,,0,0,0,0,1,1,0,1,ruwe
A,2108.01100,10.1093/mnras/stab2271,2021,0,,0,0,,0,0,0,0,0,0,0,0,visibility
A,2108.04255,10.1093/mnras/stab2583,2021,0,,0,4,5,1,0,0,0,1,1,0,4,fidelity|sigma5d
A,2108.05321,10.3847/1538-4357/ac1c75,2021,0,,0,0,,0,0,0,0,0,0,0,0,ipd_gof|ruwe
B,2108.11001,10.1093/mnras/stab2471,2021,0,,0,0,,0,0,0,0,0,0,0,0,
A,2108.11208,10.1051/0004-6361/202141366,2021,0,,0,0,,0,0,0,0,0,0,0,0,
B,2109.00836,10.1093/mnras/stab2374,2021,0,,0,0,,0,0,0,0,0,0,0,0,ruwe
B,2109.03149,10.1088/1674-4527/21/11/292,2021,0,,0,0,,0,0,0,0,0,0,0,0,
B,2109.07522,10.3847/1538-4357/ac626e,2021,0,,0,0,,0,0,0,0,0,0,0,0,
B,2109.09185,10.1051/0004-6361/202039917,2021,0,,0,0,,0,0,0,0,0,0,0,0,excess_noise|ruwe
A,2109.10912,10.1051/0004-6361/202142146,2021,0,,0,0,,0,0,0,0,0,0,0,0,ipd_gof|ruwe
A,2109.10998,10.1093/mnras/stac261,2021,0,,0,0,,0,0,0,0,0,0,0,0,
B,2109.11826,10.1051/0004-6361/202141624,2021,0,,0,0,,0,0,0,0,0,0,0,0,
A,2109.11951,10.3847/1538-3881/ac2ee0,2021,0,,0,0,,0,0,0,0,0,0,0,0,ipd_gof|ruwe
A,2109.12114,10.1051/0004-6361/202141916,2021,0,,0,0,,0,0,0,0,0,0,0,0,ruwe
A,2110.04576,10.3847/1538-4357/ac2f4c,2021,0,,0,0,,0,0,0,0,0,0,0,0,ruwe
A,2110.06240,10.3847/1538-4357/ac5826,2021,0,,0,0,,0,0,0,0,0,0,0,0,
A,2110.10182,10.3847/1538-4357/ac307d,2021,0,,0,0,,0,0,0,0,0,0,0,0,
B,2110.13382,10.3847/1538-4365/ac324a,2021,0,,0,0,,0,0,0,0,0,0,0,0,ruwe
A,2110.13943,10.1051/0004-6361/202141596,2021,0,,0,0,,0,0,0,0,0,0,0,0,ruwe
B,2111.01145,10.1051/0004-6361/202141837,2021,0,,0,0,,0,0,0,0,0,0,0,1,ruwe|visibility
A,2111.01860,10.1051/0004-6361/202142369,2021,0,,0,0,,0,0,0,0,0,0,0,0,fidelity|ruwe
A,2111.02131,10.1088/1674-4527/acaaf1,2021,0,,0,0,,0,0,0,0,0,0,0,0,excess_noise
B,2111.03676,10.1093/mnras/stac2430,2021,0,,0,0,,0,0,0,0,0,0,0,0,ruwe
A,2111.03887,10.1051/0004-6361/202142292,2021,0,,0,0,,0,0,0,0,0,0,0,0,ipd_gof|ruwe
A,2111.05291,10.1051/0004-6361/202142186,2021,0,,0,0,,0,0,0,0,0,0,0,0,ruwe
A,2111.06506,10.1093/mnras/stab3159,2021,0,,0,0,,0,0,0,0,0,0,0,0,
B,2111.06899,10.3847/1538-4357/ac69e6,2021,0,,0,0,,0,0,0,0,0,0,0,0,
A,2111.09324,10.1093/mnras/stab3258,2021,0,,0,0,,0,0,0,0,0,0,0,0,ipd_gof|ruwe
A,2111.11196,10.1051/0004-6361/202142290,2021,0,,0,0,,0,0,0,0,0,0,0,1,ruwe
B,2111.11725,10.3847/1538-4365/ac3df6,2021,0,,0,0,,0,0,0,0,0,0,0,0,ruwe
A,2111.11787,10.3847/1538-4357/ac3b50,2021,0,,0,0,,0,0,0,0,0,0,0,0,
A,2111.13939,10.3847/1538-3881/ac35e3,2021,0,,0,0,,0,0,0,0,0,0,0,0,ruwe
A,2111.13946,10.3847/1538-3881/ac35e2,2021,0,,0,0,,0,0,0,0,0,0,0,0,ruwe
A,2112.00852,10.3847/1538-3881/ac3a8b,2021,0,,0,0,,0,0,0,0,0,0,0,0,ruwe|sigma5d
A,2112.01703,10.1093/mnras/stab3545,2021,0,,0,0,,0,0,0,0,0,0,0,0,excess_noise|ruwe
B,2112.03959,10.3847/1538-3881/ac415f,2021,0,,0,0,,0,0,0,0,0,0,0,0,ruwe
A,2112.04504,10.3847/1538-4357/ac551c,2021,0,,0,0,,0,0,0,0,0,0,0,0,
B,2112.04678,10.3847/1538-4357/ac2499,2021,0,,0,0,,0,0,0,0,0,0,0,0,
A,2112.06683,10.3847/1538-3881/ac4331,2021,0,,0,0,,0,0,0,0,0,0,0,0,ruwe
A,2112.07023,10.3847/1538-4357/ac432f,2021,0,,0,0,,0,0,0,0,1,0,0,2,ruwe
B,2112.11475,10.1093/mnras/stac706,2021,0,,0,0,,0,0,0,0,0,0,0,0,
A,2112.11567,10.1088/1475-7516/2022/06/002,2021,0,,0,0,,0,0,0,0,0,0,0,0,
B,2112.11943,10.3847/1538-4357/ac4584,2021,0,,0,0,,0,0,0,0,0,0,0,0,ruwe
A,2112.12152,10.3847/1538-3881/ac4fc0,2018,0,,0,0,,0,0,0,0,0,0,0,5,ruwe
A,2112.15353,10.1051/0004-6361/202143018,2021,0,,0,0,,0,0,0,0,0,0,0,0,ruwe
A,2201.00733,10.3847/1538-4357/ac479e,2022,0,,0,0,,0,0,0,0,0,0,0,0,ruwe
A,2201.03252,10.1051/0004-6361/202141828,2022,0,,0,0,,0,0,0,0,0,0,0,3,
B,2201.04134,10.3847/1538-3881/ac478c,2022,0,,0,0,,0,0,0,0,0,0,0,0,
A,2201.05124,10.1038/s41586-021-04286-5,2022,0,,0,0,,0,0,0,0,0,0,0,0,
B,2201.05614,10.1093/mnras/stac2422,2022,0,,0,1,3,0,0,0,0,0,0,0,0,ruwe
B,2201.08146,10.1051/0004-6361/202142880,2022,0,,0,0,,0,0,0,0,0,0,0,0,
A,2201.08285,10.1007/s12036-022-09815-w,2022,0,,0,0,,0,0,0,0,0,0,0,0,
A,2201.08508,10.3847/1538-3881/ac4d9f,2022,0,,0,0,,0,0,0,0,0,0,0,0,
A,2201.09097,10.1051/0004-6361/202142576,2022,0,,0,0,,0,0,0,0,0,0,0,0,ruwe
A,2201.09438,10.3847/1538-3881/ac4dec,2022,0,,0,0,,0,0,0,0,0,0,0,0,ruwe
B,2201.09963,10.3847/1538-3881/ac7804,2022,0,,0,0,,0,0,0,0,1,1,0,1,ruwe
A,2201.11376,10.3847/1538-4357/ac524f,2022,0,,0,0,,0,0,0,0,0,0,0,0,
B,2201.13379,10.1051/0004-6361/202142468,2022,0,,0,0,,0,0,0,0,0,0,0,0,ruwe
B,2202.00042,10.3847/1538-3881/ac517f,2022,0,,0,0,,0,0,0,0,0,0,0,0,ruwe
A,2202.02315,10.3847/2041-8213/ac51d8,2022,0,,0,0,,0,0,0,0,0,0,0,0,
B,2202.04199,10.1093/mnras/stac374,2022,0,,0,0,,0,0,0,0,0,0,0,0,ruwe
A,2202.06963,10.1093/mnras/stac1147,2022,0,,0,0,,0,0,0,0,1,0,0,10,excess_noise|ipd_gof|ruwe
A,2202.07942,10.1093/mnras/stac391,2022,0,,0,0,,0,0,0,0,0,0,0,0,excess_noise|gof_al
A,2202.08369,10.3847/1538-3881/ac41d2,2022,0,,0,0,,0,0,0,0,0,0,0,0,ipd_gof|ruwe
A,2202.11110,10.3847/1538-4357/ac7559,2022,0,,0,0,,0,0,0,0,0,0,0,0,
A,2202.11472,10.1093/mnras/stac2002,2022,0,,0,0,,0,0,0,0,0,0,0,0,
A,2203.01953,10.1093/mnras/stac644,2022,0,,0,0,,0,0,0,0,0,0,0,0,ruwe
A,2203.03659,10.1093/mnras/stac1686,2022,0,,0,0,,0,0,0,0,0,0,0,3,ruwe
B,2203.05901,10.3847/2041-8213/ac5a55,2022,0,,0,0,,0,0,0,0,0,0,0,0,
A,2203.07294,10.3847/1538-4357/ac5d4e,2022,0,,0,0,,0,0,0,0,0,0,0,0,excess_noise|ruwe
A,2203.07938,10.1051/0004-6361/202243337,2022,0,,0,0,,0,0,0,0,0,0,0,0,excess_noise|ruwe|sigma5d
B,2203.08971,10.3847/1538-4357/ac5ac0,2022,0,,0,1,20,1,0,0,0,0,0,0,0,
A,2203.11234,10.1038/s41550-022-01761-5,2022,0,,0,0,,0,0,0,0,0,0,0,0,
B,2203.11250,10.3847/1538-3881/ac53fc,2022,0,,0,0,,0,0,0,0,0,0,0,0,ruwe
B,2203.12795,10.3847/1538-3881/ac6101,2022,0,,0,0,,0,0,0,0,0,0,0,0,ruwe
A,2204.09414,10.1093/mnras/stac2374,2022,0,,0,0,,0,0,0,0,0,0,0,0,ruwe
A,2204.12140,10.1093/mnras/stac2869,2022,0,,0,0,,0,0,0,0,0,0,0,0,excess_noise|ruwe
A,2204.12551,10.1093/mnras/stac3529,2022,0,,0,0,,0,0,0,0,0,0,0,0,ipd_gof|ruwe
A,2204.13672,10.1093/mnras/stad233,2022,0,,0,0,,0,0,0,0,0,0,0,2,excess_noise|ruwe|visibility
B,2205.00014,10.1093/mnras/stac1336,2022,0,,0,0,,0,0,0,0,0,0,0,0,
A,2205.00040,10.3847/1538-3881/ac69ef,2022,0,,0,0,,0,0,0,0,0,0,0,1,ruwe
A,2205.03444,10.1051/0004-6361/202243342,2022,0,,0,0,,0,0,0,0,0,0,0,0,ruwe
B,2205.04444,10.3847/1538-4357/ac6c84,2022,0,,0,0,,0,0,0,0,0,0,0,0,
A,2205.05690,10.3847/2041-8213/ac7c70,2022,0,,0,0,,0,0,0,0,0,0,0,0,
A,2205.06186,10.1051/0004-6361/202243939,2022,0,,0,0,,0,0,0,0,1,0,0,1,ruwe
B,2205.06789,10.1093/mnrasl/slac148,2022,0,,0,0,,0,0,0,0,0,0,0,0,
A,2205.08009,10.3847/1538-4357/ac70cf,2022,0,,0,0,,0,0,0,0,0,0,0,0,
A,2205.08548,10.3847/1538-4357/ac6fe0,2022,0,,0,0,,0,0,0,0,0,0,0,0,
A,2205.12278,10.1093/mnras/stad209,2022,0,,0,0,,0,0,0,0,0,0,0,0,ruwe
A,2205.12874,10.1051/0004-6361/202142573,2022,0,,0,3,3|5,0,0,0,0,3,0,1,1,
A,2205.13153,10.3847/1538-3881/ac7445,2022,0,,0,0,,0,0,0,0,0,0,0,0,
B,2205.13715,10.3847/1538-4357/ac72a0,2022,0,,0,0,,0,0,0,0,0,0,0,0,ruwe
B,2206.00025,10.3847/1538-4357/ac78d9,2022,0,,0,0,,0,0,0,0,0,0,0,1,fidelity
A,2206.00417,10.1051/0004-6361/202142251,2021,0,,0,0,,0,0,0,0,1,1,0,1,excess_noise|ipd_gof|ruwe|visibility
A,2206.00604,10.1093/mnras/stac2827,2022,0,,0,4,8,0,0,0,0,0,0,0,0,ruwe
B,2206.03074,10.1051/0004-6361/202244116,2022,0,,0,0,,0,0,0,0,0,0,0,0,
B,2206.03511,10.1051/0004-6361/202243146,2022,0,,0,0,,0,0,0,0,0,0,0,1,ruwe
A,2206.03777,10.1051/0004-6361/202243658,2022,0,,0,0,,0,0,0,0,0,0,0,0,ruwe
A,2206.04148,10.3847/1538-4357/ac7047,2022,0,,0,0,,0,0,0,0,0,0,0,1,excess_noise|ipd_gof|ruwe|sigma5d
B,2206.04392,10.1093/mnras/stac2532,2022,0,,0,0,,0,0,0,0,0,0,0,0,excess_noise|gof_al|ipd_gof|ruwe
A,2206.04458,10.1088/1674-4527/ac7545,2022,0,,0,0,,0,0,0,0,0,0,0,0,ruwe
A,2206.04567,10.3847/1538-4357/ac8c25,2022,0,,0,0,,0,0,0,0,0,0,0,0,ruwe
B,2206.05388,10.3847/1538-3881/ac7788,2022,0,,0,0,,0,0,0,0,0,0,0,0,
A,2206.05411,10.3847/1538-4357/ac9906,2022,0,,0,0,,0,0,0,0,0,0,0,0,ruwe
B,2206.05595,10.1051/0004-6361/202243782,2022,0,,0,2,20000|5,0,0,0,0,0,0,0,6,excess_noise|ipd_gof|ruwe|visibility
A,2206.05704,10.3847/1538-4365/ac7f3e,2022,0,,0,0,,0,0,0,0,0,0,0,0,
A,2206.05725,10.1051/0004-6361/202243615,2022,0,,0,0,,0,0,0,0,0,0,0,0,
B,2206.05902,10.1051/0004-6361/202244220,2022,0,,0,0,,0,0,0,0,0,0,0,0,excess_noise|ruwe|sigma5d
A,2206.05989,10.1051/0004-6361/202243790,2022,0,,0,4,10|5,0,0,0,0,0,0,0,3,excess_noise|ruwe
A,2206.06121,10.1051/0004-6361/202243756,2022,0,,0,6,1,0,0,0,0,0,0,0,0,fidelity|ruwe
A,2206.06339,10.1093/mnras/stac3305,2022,0,,0,0,,0,0,0,0,0,0,0,0,
A,2206.08230,10.1051/0004-6361/202243296,2022,0,,0,0,,0,0,0,0,0,0,0,0,ruwe
A,2206.08383,10.3847/1538-3881/ac7b28,2022,0,,0,0,,0,0,0,0,0,0,0,0,ruwe
A,2206.09990,10.1051/0004-6361/202243548,2022,0,,0,0,,0,0,0,0,0,0,0,0,excess_noise|gof_al|ruwe
A,2206.10505,10.3847/1538-4357/ac8159,2022,0,,0,1,2,1,0,0,0,0,0,0,0,ruwe
A,2206.11047,10.1051/0004-6361/202243853,2022,0,,0,0,,0,0,0,0,0,0,0,0,ruwe
B,2206.11092,10.3847/2515-5172/ac7c16,2022,0,,0,0,,0,0,0,0,0,0,0,0,
B,2206.11275,10.3847/1538-4357/adfb68,2022,0,,0,0,,0,0,0,0,0,0,0,0,ruwe
A,2206.12170,10.3847/1538-4365/ac7c17,2022,0,,0,0,,0,0,0,0,0,0,0,0,ruwe
A,2206.12824,10.1093/mnras/stac1769,2022,0,,0,0,,0,0,0,0,0,0,0,0,
B,2206.15318,10.3847/1538-4357/ac7da8,2022,0,,0,0,,0,0,0,0,0,0,0,0,ruwe
B,2207.02925,10.3847/1538-3881/ac78e7,2022,0,,0,0,,0,0,0,0,0,0,0,0,ruwe
A,2207.05090,10.1117/12.2629246,2022,0,,0,0,,0,0,0,0,0,0,0,0,
B,2207.06258,10.3847/2041-8213/ac816a,2022,0,,0,0,,0,0,0,0,0,0,0,0,ipd_gof|ruwe
B,2207.06511,10.3847/1538-3881/ac8153,2022,0,,0,0,,0,0,0,0,0,0,0,0,
B,2207.08452,10.1051/0004-6361/202244511,2022,0,,0,0,,0,0,0,0,0,0,0,0,excess_noise|ipd_gof|ruwe|visibility
B,2207.08742,10.1093/mnras/stac2131,2022,0,,0,0,,0,0,0,0,0,0,0,0,ruwe
A,2207.13368,10.3847/1538-4357/ac8426,2022,0,,0,0,,0,0,0,0,0,0,0,0,ruwe
A,2208.00211,10.1051/0004-6361/202243940,2022,0,,0,0,,0,0,0,0,0,0,0,1,
B,2208.01176,10.1093/mnras/stad1445,2022,0,,0,0,,0,0,0,0,0,0,0,0,
A,2208.02257,10.1093/mnras/stac3116,2022,0,,0,0,,0,0,0,0,0,0,0,0,ruwe
A,2208.04979,10.3847/1538-4357/aca662,2022,0,,0,0,,0,0,0,0,0,0,0,0,
B,2208.05277,10.1093/mnras/stac3101,2022,0,,0,0,,0,0,0,0,0,0,0,1,ruwe
B,2208.05488,10.1093/mnras/stac2945,2022,0,,0,1,5,0,0,0,0,0,0,0,1,fidelity
B,2208.06333,10.3847/1538-3881/ac7cea,2022,0,,0,0,,0,0,0,0,0,0,0,0,
B,2208.06478,10.3847/1538-3881/ac8931,2022,0,,0,0,,0,0,0,0,0,0,0,0,
A,2208.06715,10.3847/1538-3881/ac85e2,2022,0,,0,0,,0,0,0,0,0,0,0,0,ruwe
A,2208.08212,10.1093/mnras/stac2334,2022,0,,0,0,,0,0,0,0,0,0,0,0,
A,2208.09403,10.1051/0004-6361/202244775,2022,0,,0,0,,0,0,0,0,0,0,0,0,excess_noise|ipd_gof|ruwe
A,2208.12112,10.3847/1538-3881/ac8cf7,2022,0,,0,0,,0,0,0,0,0,0,0,0,excess_noise|ipd_gof|ruwe
B,2208.12720,10.3847/1538-4365/ac7e57,2022,0,,0,0,,0,0,0,0,0,0,0,0,
B,2208.14138,10.1088/1674-4527/ac8d7e,2022,0,,0,0,,0,0,0,0,0,0,0,0,
B,2208.14551,10.3847/1538-3881/ac8cee,2022,0,,0,0,,0,0,0,0,0,0,0,0,
A,2209.02352,10.1093/mnras/stac2542,2022,0,,0,0,,0,0,0,0,0,0,0,0,
A,2209.02731,10.1051/0004-6361/202243273,2022,0,,0,0,,0,0,0,0,0,0,0,1,excess_noise|ipd_gof|ruwe
B,2209.03279,10.3847/1538-4357/ac8d58,2022,0,,0,0,,0,0,0,0,0,0,0,0,
A,2209.03906,10.1051/0004-6361/202243670,2022,0,,0,0,,0,0,0,0,0,0,0,0,ruwe
A,2209.04210,10.1051/0004-6361/202244144,2022,0,,0,0,,0,0,0,0,0,0,0,0,ipd_gof|ruwe
A,2209.05845,10.1051/0004-6361/202244207,2022,0,,0,0,,0,0,0,0,0,0,0,0,
A,2209.06810,10.1051/0004-6361/202243971,2022,0,,0,0,,0,0,0,0,0,0,0,0,ipd_gof
B,2209.06833,10.1093/mnras/stac3140,2022,0,,0,0,,0,0,0,0,0,0,0,4,ruwe
B,2209.06873,10.1093/mnras/stad1306,2022,0,,0,0,,0,0,0,0,0,0,0,0,
A,2209.07885,10.1093/mnras/stac2666,2022,0,,0,0,,0,0,0,0,0,0,0,0,ruwe
A,2209.08259,10.1093/mnras/stac2906,2022,0,,0,0,,0,0,0,0,0,0,0,0,
A,2209.09915,10.1093/mnras/stac3488,2022,0,,0,0,,0,0,0,0,0,0,0,0,ipd_gof|ruwe|sigma5d
A,2209.12938,10.1051/0004-6361/202244709,2022,0,,0,0,,0,0,0,0,0,0,0,0,ipd_gof|ruwe
B,2209.13107,10.1093/mnras/stac2788,2022,0,,0,0,,0,0,0,0,0,0,0,1,ruwe
B,2209.14319,10.1093/mnras/stac2829,2022,0,,0,0,,0,0,0,0,0,0,0,0,
B,2210.01137,10.1093/mnras/stad1803,2022,0,,0,0,,0,0,0,0,0,0,0,0,ruwe
A,2210.01937,10.3847/1538-4365/ac97f0,2022,0,,0,0,,0,0,0,0,0,0,0,0,gof_al
A,2210.02086,10.3847/1538-4357/ac9051,2022,0,,0,0,,0,0,0,0,0,0,0,0,
A,2210.03725,10.3847/1538-4365/ac98fd,2022,0,,0,0,,0,0,0,0,0,0,0,0,ruwe
A,2210.08510,10.1051/0004-6361/202243667,2022,0,,0,0,,0,0,0,0,0,0,0,0,ipd_gof|ruwe
A,2210.10816,10.3847/1538-4357/acec75,2018,0,,0,0,,0,0,0,0,0,0,0,0,
B,2210.11383,10.3847/1538-4357/ac9cd7,2022,0,,0,0,,0,0,0,0,0,0,0,0,
B,2210.11856,10.1093/mnras/stac2595,2022,0,,0,0,,0,0,0,0,0,0,0,0,
A,2210.11930,10.1051/0004-6361/202244265,2022,0,,0,0,,0,0,0,0,0,0,0,0,ruwe
A,2210.14734,10.1051/0004-6361/202244479,2022,0,,0,0,,0,0,0,0,0,0,0,0,gof_al|ipd_gof|ruwe|visibility
B,2210.15473,10.3847/1538-4365/aca286,2022,0,,0,0,,0,0,0,0,0,0,0,0,
B,2210.16322,10.3847/1538-4357/ac9d8d,2022,0,,0,0,,0,0,0,0,0,0,0,0,
A,2211.01449,10.1051/0004-6361/202244250,2022,0,,0,0,,0,0,0,0,2,0,1,23,fidelity|ipd_gof|ruwe
A,2211.01534,10.3847/1538-3881/ac9900,2022,0,,0,0,,0,0,0,0,0,0,0,0,ruwe
B,2211.01861,10.1051/0004-6361/202243893,2022,0,,0,0,,0,0,0,0,0,0,0,0,
B,2211.06194,10.1093/mnras/stad915,2022,0,,0,1,10,0,0,0,0,0,0,0,0,visibility
A,2211.06367,10.1051/0004-6361/202245123,2022,0,,0,0,,0,0,0,0,0,0,0,0,
B,2211.07899,10.3847/1538-4357/aca32e,2022,0,,0,0,,0,0,0,0,0,0,0,0,ruwe
A,2211.08463,10.1093/mnras/stac3353,2022,1,3,0,1,3,0,0,0,0,0,0,0,10,excess_noise|gof_al|ipd_gof|ruwe|sigma5d
A,2211.08852,10.1093/mnras/stac3382,2022,0,,0,0,,0,0,0,0,0,0,0,0,ruwe
B,2211.10803,10.1093/pasj/psac099,2022,0,,0,0,,0,0,0,0,0,0,0,0,
A,2211.12576,10.3847/1538-4357/acb150,2022,0,,0,0,,0,0,0,0,0,0,0,0,excess_noise
A,2211.14322,10.1093/mnras/stac3478,2022,0,,0,0,,0,0,0,0,0,0,0,0,ipd_gof|ruwe
B,2212.02542,10.3847/1538-3881/aca88e,2022,0,,0,0,,0,0,0,0,0,0,0,0,ruwe
A,2212.03596,10.1051/0004-6361/202245633,2022,0,,0,0,,0,0,0,0,0,0,0,0,
B,2212.06161,10.1093/mnras/stac3675,2022,0,,0,0,,0,0,0,0,0,0,0,0,
A,2212.08249,10.3847/1538-4357/acb694,2022,0,,0,0,,0,0,0,0,0,0,0,1,fidelity|ruwe
A,2212.11971,10.1051/0004-6361/202245353,2022,0,,0,0,,0,0,0,0,0,0,0,4,ipd_gof|ruwe|visibility
B,2212.12087,10.3847/2041-8213/acc17a,2022,0,,0,0,,0,0,0,0,0,0,0,0,
B,2301.00822,10.1088/1475-7516/2023/07/037,2023,0,,0,0,,0,0,0,0,0,0,0,0,
A,2301.01370,10.3847/1538-3881/acaf88,2023,0,,0,0,,0,0,0,0,0,0,0,0,
B,2301.01722,10.1051/0004-6361/202245476,2023,0,,0,0,,0,0,0,0,0,0,0,0,ruwe
A,2301.03777,10.3847/1538-4357/acb20a,2023,0,,0,0,,0,0,0,0,0,0,0,1,excess_noise|ruwe
A,2301.04232,10.1051/0004-6361/202244782,2023,0,,0,0,,0,0,0,0,0,0,0,0,
A,2301.05018,10.1093/mnras/stad149,2023,0,,0,0,,0,0,0,0,0,0,0,0,ipd_gof|ruwe
A,2301.10581,10.1093/mnras/stad301,2023,0,,0,0,,0,0,0,0,0,0,0,0,
A,2301.11061,10.1051/0004-6361/202245219,2023,0,,0,0,,0,0,0,0,0,0,0,0,
B,2301.12109,10.1093/mnras/stad343,2023,0,,0,0,,0,0,0,0,0,0,0,0,ruwe
B,2301.13470,10.1093/mnras/stad327,2023,0,,0,0,,0,0,0,0,0,0,0,0,
A,2302.00053,10.1093/mnras/stad380,2023,0,,0,1,20,0,0,0,0,0,0,0,0,ruwe
B,2302.02611,10.3847/1538-4365/acd53e,2023,0,,0,0,,0,0,0,0,0,0,0,1,ruwe
B,2302.02802,10.3847/1538-4365/aca09e,2023,0,,0,5,5,1,0,0,0,0,0,0,1,
A,2302.03455,10.1093/mnras/stad440,2023,0,,0,0,,0,0,0,0,0,0,0,0,
B,2302.04138,10.3847/1538-3881/acba0b,2023,0,,0,0,,0,0,0,0,0,0,0,0,
B,2302.04348,10.3847/1538-4357/acb4eb,2023,0,,0,0,,0,0,0,0,0,0,0,0,ruwe
B,2302.05479,10.1093/mnras/stad1272,2023,0,,0,0,,0,0,0,0,0,0,0,0,
B,2302.07714,10.3847/1538-3881/acdac7,2023,0,,0,0,,0,0,0,0,0,0,0,1,
B,2302.07880,10.1093/mnras/stad799,2023,0,,0,0,,0,0,0,0,0,0,0,0,
B,2302.10024,10.1093/mnras/stad575,2023,0,,0,0,,0,0,0,0,0,0,0,0,
B,2302.12778,10.3847/1538-3881/acbf3f,2023,0,,0,0,,0,0,0,0,0,0,0,0,
B,2303.05743,10.1093/mnras/stad3294,2023,0,,0,0,,0,0,0,0,0,0,0,0,
A,2303.09926,10.1051/0004-6361/202245399,2023,0,,0,0,,0,0,0,0,0,0,0,0,fidelity
B,2303.12841,10.1093/mnras/stad826,2023,0,,0,0,,0,0,0,0,0,0,0,0,
A,2303.14073,10.1051/0004-6361/202346482,2023,0,,0,0,,0,0,0,0,0,0,0,0,
A,2303.15253,10.1093/mnrasl/slad042,2023,0,,0,0,,0,0,0,0,0,0,0,0,excess_noise|gof_al|ipd_gof|ruwe|visibility
B,2303.15531,10.1093/mnras/stad2073,2023,0,,0,0,,0,0,0,0,0,0,0,0,
B,2303.16224,10.3847/2041-8213/acd6f7,2023,0,,0,0,,0,0,0,0,0,0,0,0,
A,2303.16357,10.3847/1538-3881/ace68c,2023,0,,0,0,,0,0,0,0,0,0,0,0,
A,2303.17424,10.3847/1538-4357/acd115,2023,0,,0,0,,0,0,0,0,0,0,0,0,ruwe
A,2304.00226,10.1051/0004-6361/202244737,2023,0,,0,0,,0,0,0,0,0,0,0,0,
A,2304.01671,10.1093/mnras/stad1431,2023,0,,0,0,,0,0,0,0,0,0,0,0,ipd_gof|ruwe|visibility
B,2304.02029,10.3847/1538-4357/ace2c6,2023,0,,0,0,,0,0,0,0,0,0,0,0,
A,2304.02209,10.1093/mnras/stad1038,2023,0,,0,0,,0,0,0,0,0,0,0,0,ruwe|visibility
A,2304.07158,10.1051/0004-6361/202346196,2023,0,,0,0,,0,0,0,0,0,0,0,0,ipd_gof|ruwe
B,2304.07322,10.1093/mnras/stad2306,2023,0,,0,0,,0,0,0,0,0,0,0,0,ruwe
B,2304.08370,10.1093/mnras/stad1160,2023,0,,0,0,,0,0,0,0,0,0,0,0,ruwe
A,2304.09206,10.1093/mnras/stad1212,2023,0,,0,0,,0,0,0,0,0,0,0,0,
A,2304.11980,10.1051/0004-6361/202245717,2023,0,,0,0,,0,0,0,0,0,0,0,0,ruwe
A,2304.12169,10.1093/mnras/stad2273,2023,0,,0,0,,0,0,0,0,0,0,0,0,
B,2304.12490,10.3847/1538-3881/acd1ec,2023,0,,0,0,,0,0,0,0,0,0,0,0,ruwe
B,2304.13951,10.3847/1538-4357/accf8b,2023,0,,0,1,10,0,0,0,0,0,0,0,0,
B,2304.14113,10.1088/1538-3873/acc974,2023,0,,0,0,,0,0,0,0,0,0,0,0,
B,2305.00134,10.3847/1538-4357/acd17c,2023,0,,0,0,,0,0,0,0,0,0,0,0,
A,2305.02514,10.1088/1674-4527/acd58b,2023,0,,0,0,,0,0,0,0,0,0,0,0,
A,2305.03557,10.3847/1538-3881/accf19,2023,0,,0,0,,0,0,0,0,0,0,0,0,ruwe
B,2305.04613,10.3847/1538-4357/ace101,2023,0,,0,0,,0,0,0,0,0,0,0,0,ruwe
B,2305.09215,10.1093/mnras/stad1500,2023,0,,0,1,5,0,0,0,0,0,0,0,0,ruwe
A,2305.09414,10.3847/1538-4357/acd63a,2023,0,,0,0,,0,0,0,0,0,0,0,0,ipd_gof|ruwe
A,2305.10269,10.3847/1538-4365/acd6fa,2023,0,,0,0,,0,0,0,0,0,0,0,0,ruwe
A,2305.11823,10.1093/mnras/stad1482,2023,0,,0,0,,0,0,0,0,0,0,0,1,fidelity
B,2305.16495,10.3847/2041-8213/acd93d,2023,0,,0,0,,0,0,0,0,0,0,0,0,ruwe
A,2305.17755,10.3847/1538-3881/acd84c,2023,0,,0,0,,0,0,0,0,0,0,0,0,gof_al|ruwe
A,2305.18147,10.1007/s12036-023-09968-2,2023,0,,0,0,,0,0,0,0,0,0,0,0,ruwe
A,2305.19319,10.3847/1538-3881/ad01bf,2023,0,,0,0,,0,0,0,0,0,0,0,0,ruwe
B,2306.03140,10.1093/mnras/stad1719,2023,0,,0,0,,0,0,0,0,0,0,0,0,ruwe
A,2306.03357,10.1093/mnrasl/slad069,2023,0,,0,0,,0,0,0,0,0,0,0,0,excess_noise|ipd_gof|ruwe
B,2306.04311,10.3847/1538-4357/acf314,2023,0,,0,0,,0,0,0,0,0,0,0,0,
A,2306.06888,10.3847/1538-3881/acdd6f,2023,0,,0,0,,0,0,0,0,0,0,0,0,
A,2306.08143,10.1093/mnras/stae712,2023,0,,0,0,,0,0,0,0,0,0,0,0,
A,2306.08179,10.3847/1538-3881/acdee8,2023,0,,0,0,,0,0,0,0,0,0,0,0,ruwe
A,2306.11276,,2023,0,,0,0,,0,0,0,0,0,0,0,0,
B,2306.13130,10.3847/2041-8213/acf76b,2023,0,,0,0,,0,0,0,0,0,0,0,0,ruwe
A,2306.13132,10.1093/mnras/stad1912,2023,0,,0,0,,0,0,0,0,0,0,0,0,ruwe
A,2306.14025,10.1093/mnras/stad1891,2023,0,,0,0,,0,0,0,0,0,0,0,1,
A,2306.17545,10.3847/2041-8213/ace77d,2023,0,,0,0,,0,0,0,0,0,0,0,0,
A,2307.01337,10.1051/0004-6361/202245706,2023,0,,0,0,,0,0,0,0,0,0,0,1,ruwe
A,2307.01688,10.1093/mnras/stad2020,2023,0,,0,0,,0,0,0,0,0,0,0,0,ruwe|visibility
B,2307.03397,10.3847/1538-4357/ace4c9,2023,0,,0,0,,0,0,0,0,0,0,0,0,
A,2307.05421,10.1051/0004-6361/202346469,2023,0,,0,0,,0,0,0,0,0,0,0,0,ruwe
A,2307.05669,10.3847/1538-3881/ace68d,2023,0,,0,0,,0,0,0,0,0,0,0,0,
B,2307.08959,10.3847/1538-3881/ad1ee8,2023,0,,0,0,,0,0,0,0,0,0,0,0,
B,2307.10836,10.1051/0004-6361/202346590,2023,0,,0,0,,0,0,0,0,0,0,0,0,
B,2307.13398,10.1093/mnras/stad3822,2023,0,,0,0,,0,0,0,0,0,0,0,0,
A,2307.13719,10.1051/0004-6361/202346257,2023,0,,0,0,,0,0,0,0,0,0,0,3,ruwe
A,2308.00104,10.1093/mnras/stad1387,2023,0,,0,1,2,0,0,0,0,0,0,0,2,excess_noise|ipd_gof|ruwe|sigma5d|visibility
A,2308.05613,10.1051/0004-6361/202346720,2023,0,,0,0,,0,0,0,0,0,0,0,0,ruwe
B,2308.08584,10.1093/mnras/stae297,2023,0,,0,0,,0,0,0,0,0,0,0,0,ruwe
B,2308.09854,10.1093/mnras/stad2560,2023,0,,0,0,,0,0,0,0,0,0,0,0,
A,2308.12330,10.1093/mnras/stae1017,2023,0,,0,0,,0,0,0,0,0,0,0,0,ipd_gof|ruwe
A,2308.12489,10.3847/1538-4365/acf3e3,2023,0,,0,0,,0,0,0,0,0,0,0,1,ipd_gof|ruwe
B,2308.13039,10.3847/1538-3881/acf4f0,2023,0,,0,0,,0,0,0,0,0,0,0,0,ruwe
B,2308.14303,10.1093/mnras/stad2490,2023,0,,0,0,,0,0,0,0,0,0,0,0,
B,2308.15919,10.3847/1538-4357/acf611,2023,0,,0,0,,0,0,0,0,0,0,0,0,
B,2309.01546,10.1093/mnras/stad2679,2023,0,,0,0,,0,0,0,0,0,0,0,0,
A,2309.02488,10.3847/1538-3881/acf768,2023,0,,0,0,,0,0,0,0,0,0,0,0,
A,2309.05524,10.3847/1538-3881/acfaa1,2023,0,,0,0,,0,0,0,0,0,0,0,0,
A,2309.05618,10.1088/1475-7516/2023/11/050,2023,0,,0,0,,0,0,0,0,0,0,0,0,
B,2309.06860,10.3847/1538-4365/ace9be,2023,0,,0,0,,0,0,0,0,0,0,0,0,
A,2309.10096,10.1051/0004-6361/202347519,2023,0,,0,0,,0,0,0,0,0,0,0,0,
A,2309.10148,10.1051/0004-6361/202348005,2023,0,,0,0,,0,0,0,0,0,0,0,0,ipd_gof|ruwe
B,2309.10404,10.3847/1538-4357/ad0ed5,2023,0,,0,0,,0,0,0,0,0,0,0,0,ruwe
A,2309.10862,10.1051/0004-6361/202345920,2023,0,,0,0,,0,0,0,0,0,0,0,0,ruwe
B,2309.11390,10.1051/0004-6361/202244940,2023,0,,0,0,,0,0,0,0,0,0,0,0,ruwe
A,2309.13453,10.1093/mnras/stad2952,2023,0,,0,0,,0,0,0,0,0,0,0,0,excess_noise|ruwe
B,2309.14605,10.3847/1538-3881/acff71,2023,0,,0,0,,0,0,0,0,0,0,0,0,
B,2309.15905,10.1093/mnras/stad4005,2023,0,,0,0,,0,0,0,0,1,0,0,1,ruwe
B,2310.01293,10.1093/mnras/stad3288,2023,0,,0,0,,0,0,0,0,0,0,0,0,
B,2310.02241,10.3847/1538-4357/acfda6,2023,0,,0,0,,0,0,0,0,0,0,0,0,
A,2310.02256,10.3847/1538-3881/acffb0,2023,0,,0,0,,0,0,0,0,0,0,0,5,ipd_gof|ruwe
A,2310.03654,10.1051/0004-6361/202347919,2023,0,,0,0,,0,0,0,0,0,0,0,0,ipd_gof|ruwe
B,2310.05653,10.1093/mnras/stad3105,2023,0,,0,0,,0,0,0,0,0,0,0,0,ruwe
A,2310.06295,10.1051/0004-6361/202347273,2023,0,,0,0,,0,0,0,0,0,0,0,0,ruwe
A,2310.08890,10.1093/mnras/stad3036,2023,0,,0,0,,0,0,0,0,0,0,0,0,ruwe
A,2310.13489,10.3847/1538-4357/ad05cb,2023,0,,0,0,,0,0,0,0,0,0,0,0,
A,2310.15671,10.1093/mnras/stad3601,2023,0,,0,0,,0,0,0,0,0,0,0,0,ipd_gof|ruwe
A,2310.16257,10.1007/s10509-023-04249-4,2023,0,,0,0,,0,0,0,0,0,0,0,0,
B,2310.19866,10.3847/1538-4357/ad2168,2023,0,,0,0,,0,0,0,0,0,0,0,0,
A,2310.20099,10.3847/1538-4357/ad5834,2023,0,,0,0,,0,0,0,0,0,0,0,0,
A,2310.20176,10.1093/mnras/stad3022,2023,0,,0,2,5,1,0,0,0,1,1,1,3,fidelity|gof_al|ruwe
A,2311.01827,10.1051/0004-6361/202346613,2023,0,,0,0,,0,0,0,0,0,0,0,0,ruwe|visibility
A,2311.03199,10.1093/mnras/stae2397,2023,0,,0,0,,0,0,0,0,0,0,0,0,ruwe
B,2311.03436,10.1093/mnras/stad3393,2023,0,,0,0,,0,0,0,0,0,0,0,0,ipd_gof
B,2311.04862,10.3847/1538-4357/ad083c,2023,0,,0,0,,0,0,0,0,0,0,0,0,
A,2311.08358,10.1093/mnras/stae1806,2023,0,,0,0,,0,0,0,0,0,0,0,1,ruwe
B,2311.08461,10.3847/1538-3881/ad0a62,2023,0,,0,0,,0,0,0,0,0,0,0,0,
B,2311.08489,10.3847/1538-3881/ad0bfd,2023,0,,0,0,,0,0,0,0,0,0,0,0,ipd_gof|ruwe
A,2311.08801,10.1093/mnras/stad3530,2023,0,,0,0,,0,0,0,0,0,0,0,0,ipd_gof|ruwe
B,2311.11454,10.1016/j.ppnp.2023.104083,2023,0,,0,0,,0,0,0,0,0,0,0,0,
A,2311.12210,10.3847/1538-3881/ad0f93,2023,0,,0,0,,0,0,0,0,0,0,0,0,
B,2311.17145,10.3847/2041-8213/ad5e63,2023,0,,0,0,,0,0,0,0,0,0,0,0,
A,2312.02260,10.3847/1538-3881/ad110e,2023,0,,0,1,10,0,0,0,0,0,0,0,0,
B,2312.02735,10.1093/mnras/stad3773,2023,0,,0,2,1,0,0,0,0,0,0,0,0,excess_noise|ruwe
B,2312.03162,10.1093/mnras/stae1823,2023,0,,0,0,,0,0,0,0,0,0,0,0,ruwe
B,2312.05301,10.1093/mnras/stad3803,2023,0,,0,0,,0,0,0,0,0,0,0,0,ruwe
B,2312.06776,10.1093/mnras/stad3845,2023,0,,0,0,,0,0,0,0,0,0,0,0,ruwe
B,2312.08423,10.3847/1538-4357/ad1ff8,2023,0,,0,0,,0,0,0,0,0,0,0,0,
B,2312.10158,10.1093/mnras/stad3911,2023,0,,0,0,,0,0,0,0,0,0,0,0,ruwe
B,2312.11124,10.1051/0004-6361/202348995,2023,0,,0,0,,0,0,0,0,0,0,0,0,ipd_gof|ruwe
A,2312.11664,10.1051/0004-6361/202347767,2023,0,,0,0,,0,0,0,0,4,1,1,8,fidelity|ipd_gof|ruwe
A,2312.12827,10.1093/mnras/stad3950,2023,0,,0,0,,0,0,0,0,0,0,0,0,ruwe
A,2401.02484,10.3847/2041-8213/ad19c4,2024,0,,0,0,,0,0,0,0,0,0,0,0,
B,2401.03959,10.3847/1538-4365/ad1eeb,2024,0,,0,0,,0,0,0,0,0,0,0,0,ipd_gof|ruwe
B,2401.04173,10.3847/1538-3881/ad1bed,2024,0,,0,0,,0,0,0,0,0,0,0,0,ruwe
A,2401.05630,10.1093/mnras/stae128,2024,0,,0,0,,0,0,0,0,0,0,0,1,excess_noise|ruwe
B,2401.08546,10.1051/0004-6361/202347317,2024,0,,0,0,,0,0,0,0,0,0,0,0,ruwe
A,2402.04919,10.3847/1538-4365/ad27d2,2024,0,,0,0,,0,0,0,0,0,0,0,0,ruwe
A,2402.04946,10.3847/1538-3881/ad27cb,2024,0,,0,0,,0,0,0,0,0,0,0,0,
B,2402.05720,10.3847/1538-4357/ad61e9,2024,0,,0,0,,0,0,0,0,0,0,0,0,
B,2402.05991,10.3847/2041-8213/ad29f3,2024,0,,0,0,,0,0,0,0,0,0,0,0,
B,2402.07346,10.3847/1538-3881/ad2855,2024,0,,0,0,,0,0,0,0,0,0,0,0,
A,2402.07748,10.1093/mnras/stae439,2024,0,,0,0,,0,0,0,0,0,0,0,0,visibility
B,2402.09278,10.1051/0004-6361/202449263,2024,0,,0,0,,0,0,0,0,0,0,0,0,
B,2402.13223,10.3847/1538-4365/ad2c0c,2024,0,,0,0,,0,0,0,0,0,0,0,0,ruwe
B,2402.14960,10.1016/j.newar.2024.101705,2024,0,,0,1,1,0,0,0,0,0,0,0,0,excess_noise|ruwe|sigma5d
A,2402.15101,10.1038/s41550-024-02195-x,2024,0,,0,0,,0,0,0,0,0,0,0,0,excess_noise|ipd_gof|ruwe|sigma5d
A,2402.15438,10.1093/mnras/stae155,2024,0,,0,0,,0,0,0,0,0,0,0,0,ipd_gof|ruwe
B,2402.17384,10.3847/1538-4357/ad3038,2024,0,,0,0,,0,0,0,0,0,0,0,0,
B,2403.03261,10.3847/1538-3881/ad3108,2024,0,,0,0,,0,0,0,0,0,0,0,0,ruwe
B,2403.04592,10.3847/1538-3881/ad324e,2024,0,,0,0,,0,0,0,0,0,0,0,0,ruwe
A,2403.04606,10.22201/ia.01851101p.2024.60.02.03,2024,0,,0,0,,0,0,0,0,2,1,1,6,ruwe
B,2403.06240,10.3847/1538-3881/ad53bf,2024,0,,0,0,,0,0,0,0,0,0,0,0,
B,2403.12129,10.3847/1538-4357/ad856c,2024,0,,0,0,,0,0,0,0,0,0,0,0,
B,2403.12146,10.1016/j.newar.2024.101694,2024,0,,0,0,,0,0,0,0,0,0,0,5,ipd_gof|ruwe
A,2403.12219,10.1051/0004-6361/202449560,2024,0,,0,0,,0,0,0,0,0,0,0,0,
B,2403.15513,10.1051/0004-6361/202348319,2024,0,,0,0,,0,0,0,0,0,0,0,0,
A,2404.02976,10.3847/1538-3881/ad3af7,2024,0,,0,0,,0,0,0,0,0,0,0,0,ipd_gof|ruwe
A,2404.05327,10.1051/0004-6361/202349115,2024,0,,0,0,,0,0,0,0,0,0,0,0,
A,2404.08234,10.3847/1538-3881/ad3e6b,2024,0,,0,0,,0,0,0,0,0,0,0,0,excess_noise|ipd_gof|ruwe
B,2404.11022,10.1093/mnras/stae2207,2024,0,,0,0,,0,0,0,0,0,0,0,0,ruwe
A,2404.12523,10.1051/0004-6361/202348220,2024,0,,0,0,,0,0,0,0,0,0,0,0,
B,2404.14127,10.1051/0004-6361/202450172,2024,0,,0,0,,0,0,0,0,0,0,0,0,ruwe
B,2404.14324,10.3847/1538-4357/ad3f1d,2024,0,,0,0,,0,0,0,0,0,0,0,0,
A,2404.18099,10.1088/1475-7516/2025/02/001,2024,0,,0,0,,0,0,0,0,0,0,0,0,ruwe
A,2404.19676,10.3847/1538-4357/ad47c2,2024,0,,0,0,,0,0,0,0,0,0,0,0,ruwe
B,2405.00780,10.1088/1538-3873/ad5ebd,2024,0,,0,1,5,0,0,0,0,0,0,0,0,ipd_gof
B,2405.02423,10.3847/1538-4357/ad479b,2024,0,,0,0,,0,0,0,0,0,0,0,0,
B,2405.02863,10.3847/1538-4365/ad4b17,2024,0,,0,0,,0,0,0,0,0,0,0,0,
B,2405.02912,10.3847/2041-8213/ad70bb,2024,0,,0,0,,0,0,0,0,0,0,0,0,
B,2405.03457,10.1134/s106377292309007x,2023,0,,0,0,,0,0,0,0,0,0,0,0,
B,2405.04314,10.1051/0004-6361/202450648,2024,0,,0,0,,0,0,0,0,0,0,0,0,
B,2405.10379,10.3847/1538-3881/adc933,2024,0,,0,0,,0,0,0,0,0,0,0,0,ruwe
A,2405.13395,10.1051/0004-6361/202450448,2024,0,,0,0,,0,0,0,0,0,0,0,0,ruwe
B,2406.04288,10.3847/1538-3881/ad55ec,2024,0,,0,0,,0,0,0,0,1,0,0,0,ruwe
A,2406.07196,10.1051/0004-6361/202346330,2024,0,,0,0,,0,0,0,0,0,0,0,0,excess_noise|ruwe
A,2406.11593,10.1088/1538-3873/ad59c5,2024,0,,0,0,,0,0,0,0,0,0,0,0,ruwe
B,2406.16474,10.1093/mnras/stae2696,2024,0,,0,0,,0,0,0,0,0,0,0,0,
B,2406.18184,10.1093/mnras/stae1632,2024,0,,0,0,,0,0,0,0,0,0,0,0,
B,2406.18631,10.3847/1538-3881/ad70b8,2024,0,,0,0,,0,0,0,0,0,0,0,0,
B,2406.18638,10.1093/mnras/stae1506,2024,0,,0,0,,0,0,0,0,0,0,0,0,
A,2406.18767,10.1051/0004-6361/202449828,2024,0,,0,0,,0,0,0,0,0,0,0,0,ruwe
B,2407.01037,10.1051/0004-6361/202347732,2024,0,,0,0,,0,0,0,0,0,0,0,0,ruwe
B,2407.02594,10.1093/mnras/stae1645,2024,0,,0,1,6,0,0,0,0,0,0,0,0,ruwe
B,2407.03284,10.3847/1538-4357/ad5f2b,2024,0,,0,0,,0,0,0,0,0,0,0,0,
A,2407.04765,10.3847/1538-3881/ad5d76,2024,0,,0,1,10,0,0,0,0,0,0,0,0,ruwe
B,2407.06257,10.3847/1538-4357/ad944a,2024,0,,0,0,,0,0,0,0,0,0,0,0,
B,2407.06280,10.1093/mnras/stae1842,2024,0,,0,0,,0,0,0,0,0,0,0,0,excess_noise
B,2407.07187,10.3847/1538-3881/ad6f07,2024,0,,0,0,,0,0,0,0,0,0,0,0,
A,2407.10823,10.1051/0004-6361/202450870,2024,0,,0,0,,0,0,0,0,0,0,0,0,ruwe
A,2407.12583,10.1051/0004-6361/202450637,2024,0,,0,0,,0,0,0,0,2,0,0,1,ruwe
B,2407.16760,10.1088/1538-3873/ad7981,2024,0,,0,0,,0,0,0,0,0,0,0,0,
B,2407.18763,10.3847/1538-4357/ad6303,2024,0,,0,0,,0,0,0,0,0,0,0,0,
A,2407.18828,10.1051/0004-6361/202347583,2024,0,,0,0,,0,0,0,0,0,0,0,0,ruwe
B,2407.19219,10.1093/mnras/stae1851,2024,0,,0,0,,0,0,0,0,0,0,0,0,ruwe
A,2407.20949,10.3847/1538-4357/ad697f,2024,0,,0,0,,0,0,0,0,0,0,0,0,ruwe
B,2408.00725,10.3847/1538-3881/ad6b7f,2024,0,,0,0,,0,0,0,0,0,0,0,0,
B,2408.01411,10.1051/0004-6361/202451591,2024,0,,0,0,,0,0,0,0,0,0,0,0,
A,2408.03985,10.3847/1538-3881/addd21,2024,0,,0,0,,0,0,0,0,0,0,0,0,
B,2408.04697,10.1103/physrevd.111.043029,2024,0,,0,0,,0,0,0,0,0,0,0,0,
A,2408.05423,10.3847/1538-3881/ad7025,2024,0,,0,0,,0,0,0,0,0,0,0,0,ruwe
B,2408.10038,10.3847/2041-8213/ad7469,2024,0,,0,0,,0,0,0,0,0,0,0,0,
A,2408.11511,10.3847/1538-4357/ad71ce,2024,0,,0,0,,0,0,0,0,0,0,0,0,
B,2408.13618,10.1093/mnras/stae1820,2024,0,,0,0,,0,0,0,0,0,0,0,0,
B,2408.14694,10.3847/1538-3881/ad7796,2024,0,,0,0,,0,0,0,0,0,0,0,0,ruwe
A,2408.17370,10.3847/1538-4365/ad697b,2024,0,,0,0,,0,0,0,0,0,0,0,0,
B,2409.01371,10.3847/1538-3881/ada7ea,2024,0,,0,0,,0,0,0,0,0,0,0,0,
A,2409.01891,10.3847/1538-4365/ad85de,2024,0,,0,0,,0,0,0,0,3,0,0,4,
B,2409.02468,10.1103/physrevd.111.043042,2024,0,,0,0,,0,0,0,0,0,0,0,0,
A,2409.04524,10.1051/0004-6361/202449951,2024,0,,0,0,,0,0,0,0,0,0,0,0,ipd_gof|ruwe
B,2409.09563,10.3847/1538-4357/ad7731,2024,0,,0,0,,0,0,0,0,0,0,0,0,
A,2409.10622,10.3847/1538-4357/ad7a6e,2024,0,,0,0,,0,0,0,0,0,0,0,0,
A,2409.16992,10.1051/0004-6361/202449335,2024,0,,0,0,,0,0,0,0,0,0,0,0,excess_noise|ipd_gof|ruwe
A,2409.16993,10.1051/0004-6361/202451745,2024,0,,0,0,,0,0,0,0,0,0,0,0,ipd_gof|ruwe
A,2410.00114,10.3847/1538-4357/adbf08,2024,0,,0,0,,0,0,0,0,0,0,0,0,
B,2410.01625,10.3847/1538-3881/ad83d3,2024,0,,0,0,,0,0,0,0,0,0,0,0,
B,2410.02737,10.1051/0004-6361/202451306,2024,0,,0,0,,0,0,0,0,0,0,0,0,
B,2410.05654,10.3847/1538-3881/ada9e1,2024,0,,0,0,,0,0,0,0,0,0,0,0,ruwe
B,2410.05974,10.1051/0004-6361/202450677,2024,0,,0,0,,0,0,0,0,0,0,0,0,gof_al|ruwe
B,2410.06247,10.1093/mnras/stae2310,2024,0,,0,0,,0,0,0,0,0,0,0,0,
B,2410.06335,10.3847/1538-4357/ad86bb,2024,0,,0,0,,0,0,0,0,0,0,0,0,
B,2410.06754,10.1093/mnras/stae2265,2024,0,,0,0,,0,0,0,0,0,0,0,0,
A,2410.11037,10.3847/1538-3881/ad9a87,2024,0,,0,0,,0,0,0,0,0,0,0,0,
B,2410.11568,10.1093/mnrasl/slae106,2024,0,,0,0,,0,0,0,0,0,0,0,0,
A,2410.14372,10.1051/0004-6361/202450600,2024,0,,0,0,,0,0,0,0,0,0,0,3,excess_noise|ipd_gof|ruwe
A,2410.20194,10.3847/1538-4357/ad8ebb,2024,0,,0,0,,0,0,0,0,0,0,0,1,fidelity|ruwe
B,2411.00088,10.33232/001c.125461,2024,0,,0,1,10,0,0,0,0,1,0,1,35,ipd_gof|ruwe
B,2411.03454,10.1051/0004-6361/202451621,2024,0,,0,0,,0,0,0,0,0,0,0,0,
B,2411.03994,10.3847/1538-4365/ada895,2024,0,,0,0,,0,0,0,0,0,0,0,0,
B,2411.09905,10.3847/2041-8213/adb751,2024,0,,0,0,,0,0,0,0,0,0,0,0,
B,2411.17819,10.1051/0004-6361/202452637,2024,0,,0,0,,0,0,0,0,0,0,0,1,visibility
B,2412.05002,10.1089/ast.2023.0076,2024,0,,0,0,,0,0,0,0,0,0,0,0,
A,2412.07840,10.1093/mnras/staf308,2024,0,,0,0,,0,0,0,0,0,0,0,0,
B,2412.08333,10.1017/pasa.2024.131,2024,0,,0,0,,0,0,0,0,0,0,0,0,ruwe
B,2412.08465,10.3847/1538-3881/ad9923,2024,0,,0,0,,0,0,0,0,0,0,0,0,ruwe
A,2501.02587,10.3847/1538-3881/ada5fa,2025,0,,0,0,,0,0,0,0,0,0,0,0,gof_al|ruwe
A,2501.03844,10.3847/1538-3881/ad7fe7,2024,0,,0,0,,0,0,0,0,0,0,0,0,
B,2501.06295,10.1093/mnras/stae2797,2024,0,,0,0,,0,0,0,0,0,0,0,0,ruwe
A,2501.08486,10.1051/0004-6361/202453588,2025,0,,0,0,,0,0,0,0,0,0,0,0,ruwe
B,2501.13656,10.1093/mnras/staf152,2025,0,,0,0,,0,0,0,0,0,0,0,0,
B,2501.13809,10.3847/1538-3881/ada8a1,2025,0,,0,0,,0,0,0,0,0,0,0,0,ruwe
B,2501.14025,10.1088/1538-3873/add5a1,2025,0,,0,2,5,0,0,0,0,0,0,0,0,
B,2501.14462,10.1051/0004-6361/202450311,2025,0,,0,1,3,0,0,0,0,0,0,0,0,excess_noise|ruwe
B,2501.14494,10.3847/1538-4365/addf3a,2025,0,,0,2,10,0,0,0,0,0,0,0,0,ruwe
B,2501.14955,10.3847/1538-4357/adaf1f,2025,0,,0,0,,0,0,0,0,0,0,0,0,ruwe
B,2501.16554,10.3847/1538-3881/adbb54,2025,0,,0,0,,0,0,0,0,0,0,0,0,ruwe
A,2501.17236,10.1051/0004-6361/202453606,2025,0,,0,0,,0,0,0,0,0,0,0,0,
A,2501.18719,10.1051/0004-6361/202348735,2025,0,,0,0,,0,0,0,0,0,0,0,0,ruwe|visibility
B,2502.01285,10.1051/0004-6361/202452135,2025,0,,0,0,,0,0,0,0,0,0,0,0,
B,2502.01910,10.3847/1538-4365/adb614,2025,0,,0,0,,0,0,0,0,0,0,0,0,ruwe
A,2502.08068,10.3847/1538-3881/adba44,2025,0,,0,0,,0,0,0,0,0,0,0,0,ipd_gof|ruwe|visibility
B,2502.09373,10.3847/1538-4357/adce09,2025,0,,0,0,,0,0,0,0,0,0,0,0,ruwe
A,2502.12251,10.3847/1538-4365/adb8de,2025,0,,0,0,,0,0,0,0,0,0,0,0,
A,2502.17319,10.1051/0004-6361/202554131,2025,0,,0,0,,0,0,0,0,0,0,0,1,ipd_gof
B,2502.17610,10.3847/1538-3881/adba5f,2025,0,,0,0,,0,0,0,0,0,0,0,0,
A,2503.02657,10.3847/1538-4357/adfbe6,2025,0,,0,0,,0,0,0,0,1,0,0,0,ruwe
A,2503.05160,10.1093/mnras/staf711,2025,0,,0,0,,0,0,0,0,0,0,0,0,ipd_gof|ruwe
B,2503.07241,10.1051/0004-6361/202553969,2025,0,,0,0,,0,0,0,0,0,0,0,0,
A,2503.08286,10.1093/mnras/staf083,2025,0,,0,0,,0,0,0,0,0,0,0,0,ruwe
B,2503.08583,10.3847/2041-8213/adce04,2025,0,,0,0,,0,0,0,0,0,0,0,0,ruwe
A,2503.13280,10.3847/2041-8213/adbe60,2025,0,,0,0,,0,0,0,0,0,0,0,0,
B,2503.14605,10.3847/1538-4357/ae073c,2025,0,,0,0,,0,0,0,0,0,0,0,0,
A,2503.15472,10.3847/1538-3881/adc117,2025,0,,0,0,,0,0,0,0,0,0,0,0,excess_noise
A,2503.19536,10.1051/0004-6361/202553814,2025,0,,0,0,,0,0,0,0,0,0,0,0,
B,2503.19997,10.1088/1674-4527/adc6da,2025,0,,0,0,,0,0,0,0,0,0,0,0,
A,2504.03303,10.1051/0004-6361/202451690,2025,0,,0,0,,0,0,0,0,0,0,0,0,
B,2504.05480,10.1093/mnras/staf418,2025,0,,0,0,,0,0,0,0,0,0,0,0,
A,2504.06362,10.1093/mnras/staf584,2025,0,,0,0,,0,0,0,0,0,0,0,0,ruwe
A,2504.06415,10.3847/1538-4357/ae31eb,2025,0,,0,0,,0,0,0,0,0,0,0,0,
B,2504.06973,10.1051/0004-6361/202452504,2025,0,,0,0,,0,0,0,0,0,0,0,0,ruwe
B,2504.07569,10.33232/001c.142887,2025,0,,0,0,,0,0,0,0,0,0,0,0,ipd_gof|ruwe
B,2504.11528,10.33232/001c.138448,2025,0,,0,0,,0,0,0,0,0,0,0,3,ruwe|sigma5d
A,2504.13997,10.3847/1538-3881/adcec9,2025,0,,0,0,,0,0,0,0,0,0,0,0,
B,2504.19616,10.1051/0004-6361/202553819,2025,0,,0,0,,0,0,0,0,0,0,0,0,
B,2504.19866,10.1051/0004-6361/202554129,2025,0,,0,0,,0,0,0,0,0,0,0,0,ruwe
A,2504.20475,10.1051/0004-6361/202453125,2025,0,,0,0,,0,0,0,0,1,0,0,0,
B,2505.01470,10.1002/asna.70005,2025,0,,0,0,,0,0,0,0,0,0,0,0,
A,2505.03085,10.3847/1538-4357/add32b,2025,0,,0,0,,0,0,0,0,0,0,0,0,ipd_gof|ruwe
A,2505.03716,10.1093/mnras/staf1490,2025,0,,0,0,,0,0,0,0,0,0,0,0,ipd_gof|ruwe
A,2505.04106,10.1093/mnras/staf759,2025,0,,0,0,,0,0,0,0,0,0,0,0,
B,2505.04398,10.3847/1538-4357/add405,2025,0,,0,0,,0,0,0,0,0,0,0,0,
B,2505.08109,10.3847/1538-4365/ae315a,2025,0,,0,0,,0,0,0,0,0,0,0,0,
B,2505.10123,10.1051/0004-6361/202555523,2025,0,,0,0,,0,0,0,0,0,0,0,0,ruwe
B,2505.12563,10.3847/1538-3881/add922,2025,0,,0,0,,0,0,0,0,0,0,0,0,ruwe
A,2505.12895,10.1051/0004-6361/202554532,2025,0,,0,0,,0,0,0,0,0,0,0,0,
A,2505.12945,10.1093/mnras/staf825,2025,0,,0,0,,0,0,0,0,0,0,0,0,ruwe
B,2506.00493,10.1051/0004-6361/202554633,2025,0,,0,0,,0,0,0,0,0,0,0,0,
B,2506.02763,10.3847/1538-4365/add016,2025,0,,0,0,,0,0,0,0,0,0,0,0,ruwe
A,2506.02956,10.1093/mnras/staf1391,2025,0,,0,0,,0,0,0,0,0,0,0,0,
B,2506.05094,10.1093/mnras/staf937,2025,0,,0,0,,0,0,0,0,0,0,0,0,
B,2506.07499,10.3847/1538-3881/add7d3,2025,0,,0,0,,0,0,0,0,0,0,0,0,ipd_gof|ruwe
B,2506.07845,10.3847/1538-3881/ade4b9,2025,0,,0,0,,0,0,0,0,0,0,0,0,
B,2506.16513,10.1088/1538-3873/adfb30,2025,0,,0,2,5,0,0,0,0,0,0,0,0,ruwe|sigma5d
B,2506.17861,10.3847/1538-3881/adf6db,2025,0,,0,0,,0,0,0,0,0,0,0,0,ruwe
A,2506.18708,10.1051/0004-6361/202452614,2025,0,,0,0,,0,0,0,0,0,0,0,0,
B,2506.18961,10.3847/1538-4365/ae0acb,2025,0,,0,0,,0,0,0,0,0,0,0,0,
A,2506.19933,10.3847/1538-4357/ade803,2025,0,,0,0,,0,0,0,0,0,0,0,0,excess_noise|ruwe
B,2506.21768,10.3847/1538-3881/ade442,2025,0,,0,0,,0,0,0,0,0,0,0,0,ruwe
B,2506.22399,10.1093/mnras/staf1072,2025,0,,0,0,,0,0,0,0,0,0,0,0,ruwe
A,2506.22635,10.1051/0004-6361/202553855,2025,0,,0,0,,0,0,0,0,0,0,0,0,
A,2507.01798,10.1038/s41550-025-02591-x,2025,0,,0,0,,0,0,0,0,0,0,0,0,gof_al
B,2507.01855,10.3847/1538-4365/aded0d,2025,0,,0,0,,0,0,0,0,0,0,0,0,ruwe
B,2507.08266,10.3847/1538-4357/ae03a7,2025,0,,0,0,,0,0,0,0,0,0,0,0,
B,2507.09622,10.1051/0004-6361/202556362,2025,0,,0,1,10,0,0,0,0,0,0,0,0,ruwe
B,2507.13177,10.3847/1538-4357/ae0190,2025,0,,0,0,,0,0,0,0,0,0,0,0,ruwe
B,2507.13783,10.1051/0004-6361/202556483,2025,0,,0,0,,0,0,0,0,0,0,0,0,ruwe
A,2507.14433,10.3847/1538-4357/adef40,2025,0,,0,0,,0,0,0,0,0,0,0,0,
B,2507.15924,10.3847/1538-4357/adf2ac,2025,0,,0,0,,0,0,0,0,0,0,0,0,
A,2507.15936,10.3847/1538-4357/ae0cb9,2025,0,,0,0,,0,0,0,0,0,0,0,0,ruwe
A,2507.19273,10.3847/1538-3881/adec79,2025,0,,0,0,,0,0,0,0,0,0,0,0,gof_al|ruwe
A,2508.01127,10.1051/0004-6361/202555477,2025,0,,0,0,,0,0,0,0,0,0,0,0,ipd_gof|ruwe
A,2508.01596,10.1051/0004-6361/202453082,2025,0,,0,0,,0,0,0,0,0,0,0,0,
B,2508.03019,10.3847/1538-4365/aded16,2025,0,,0,0,,0,0,0,0,0,0,0,0,
A,2508.05233,10.1051/0004-6361/202556713,2025,0,,0,0,,0,0,0,0,0,0,0,0,
B,2508.08364,10.3847/1538-4357/adfa1c,2025,0,,0,1,5,1,0,0,0,0,0,0,0,ipd_gof|ruwe|sigma5d
B,2508.08374,10.3847/1538-4365/adfa99,2025,0,,0,0,,0,0,0,0,0,0,0,0,ipd_gof|ruwe
B,2508.08699,10.1051/0004-6361/202555485,2025,0,,0,0,,0,0,0,0,0,0,0,0,
A,2508.09845,10.1051/0004-6361/202555348,2025,0,,0,0,,0,0,0,0,0,0,0,0,excess_noise|ipd_gof|ruwe
A,2508.14875,10.1093/mnras/staf1409,2025,0,,0,0,,0,0,0,0,0,0,0,0,ruwe
A,2508.16421,10.3847/1538-4357/ae03a5,2025,0,,0,0,,0,0,0,0,0,0,0,0,
B,2508.16717,10.3847/1538-4357/adff75,2025,0,,0,0,,0,0,0,0,0,0,0,0,ruwe
B,2508.19509,10.3847/1538-4357/ae071c,2025,0,,0,0,,0,0,0,0,0,0,0,0,
B,2509.01933,10.1051/0004-6361/202553834,2025,0,,0,0,,0,0,0,0,0,0,0,0,
B,2509.03361,10.3847/1538-3881/ae1833,2025,0,,0,0,,0,0,0,0,0,0,0,0,ruwe
B,2509.04555,10.1088/1538-3873/ae11d2,2025,0,,0,1,5,0,0,0,0,0,0,0,0,sigma5d
B,2509.09348,10.1051/0004-6361/202556494,2025,0,,0,0,,0,0,0,0,0,0,0,0,
B,2509.11565,10.3847/1538-3881/ae070b,2025,0,,0,0,,0,0,0,0,0,0,0,0,
B,2509.13412,10.1051/0004-6361/202555884,2025,0,,0,0,,0,0,0,0,0,0,0,0,ipd_gof|ruwe
B,2509.13413,10.3847/2041-8213/ae286c,2025,0,,0,0,,0,0,0,0,0,0,0,0,
B,2509.19492,10.3847/1538-3881/ae16a2,2025,0,,0,0,,0,0,0,0,0,0,0,0,
A,2509.21643,10.1038/s41550-026-02816-7,2025,0,,0,1,14,0,0,0,0,0,0,0,0,
B,2509.22770,10.1051/0004-6361/202556420,2025,0,,0,0,,0,0,0,0,0,0,0,0,
B,2509.26132,10.1051/0004-6361/202556201,2025,0,,0,1,100,0,0,0,0,0,0,0,0,
B,2510.00102,10.3847/2041-8213/ae2bfa,2025,0,,0,0,,0,0,0,0,0,0,0,0,
B,2510.02509,10.1051/0004-6361/202555940,2025,0,,0,1,58,0,0,0,0,0,0,0,0,ruwe
A,2510.08390,10.3847/1538-3881/ae119c,2025,0,,0,0,,0,0,0,0,0,0,0,0,ipd_gof|ruwe
A,2510.13288,10.1134/s1063772925702488,2025,0,,0,0,,0,0,0,0,0,0,0,0,ruwe
B,2510.14927,10.1051/0004-6361/202555684,2025,0,,0,0,,0,0,0,0,0,0,0,0,ruwe
A,2510.18343,10.1051/0004-6361/202557781,2025,0,,0,0,,0,0,0,0,0,0,0,0,ruwe
B,2510.19810,10.3390/astronomy4040020,2025,0,,0,0,,0,0,0,0,0,0,0,0,ruwe
B,2511.02539,10.1051/0004-6361/202557314,2025,0,,0,0,,0,0,0,0,0,0,0,0,ruwe
B,2511.04673,10.3847/1538-3881/ae21de,2025,0,,0,0,,0,0,0,0,1,0,0,0,ruwe
A,2511.07554,10.3847/1538-4357/ae0a52,2025,0,,0,0,,0,0,0,0,0,0,0,0,ruwe
B,2511.15610,10.3847/2041-8213/ae21c5,2025,0,,0,0,,0,0,0,0,0,0,0,0,ruwe
A,2511.20923,10.3847/1538-3881/ae230f,2025,0,,0,0,,0,0,0,0,0,0,0,0,ruwe
A,2511.23368,10.33232/001c.155625,2025,0,,0,0,,0,0,0,0,0,0,0,0,ruwe
A,2512.02116,10.1088/1538-3873/ae3b75,2025,0,,0,0,,0,0,0,0,0,0,0,1,
B,2512.02135,10.3847/1538-4357/ae274e,2025,0,,0,0,,0,0,0,0,0,0,0,0,ruwe
A,2512.08932,10.3847/1538-4357/ae4c5e,2025,0,,0,0,,0,0,0,0,0,0,0,0,
A,2512.10616,10.1051/0004-6361/202557529,2025,0,,0,0,,0,0,0,0,0,0,0,0,
A,2512.25002,10.3847/1538-3881/ae2757,2025,0,,0,0,,0,0,0,0,0,0,0,0,gof_al|ruwe
A,2601.02054,10.1093/mnras/stag020,2026,0,,0,0,,0,0,0,0,0,0,0,0,ruwe
B,2601.02250,10.1051/0004-6361/202558123,2026,0,,0,0,,0,0,0,0,0,0,0,0,ruwe
B,2601.03810,10.1051/0004-6361/202557949,2026,0,,0,0,,0,0,0,0,0,0,0,0,ruwe
B,2601.05006,10.3847/1538-4357/ae3682,2026,0,,0,0,,0,0,0,0,0,0,0,0,
B,2601.05387,10.3847/1538-3881/ae2fe7,2026,0,,0,0,,0,0,0,0,0,0,0,0,ipd_gof|ruwe
A,2601.07184,10.1051/0004-6361/202557920,2026,0,,0,0,,0,0,0,0,0,0,0,0,ruwe
A,2601.09671,10.3847/1538-4357/ae3963,2026,0,,0,0,,0,0,0,0,0,0,0,0,ruwe
B,2601.10099,10.3847/1538-4357/ae2acd,2026,0,,0,0,,0,0,0,0,0,0,0,0,
B,2601.11191,10.1051/0004-6361/202557071,2025,0,,0,0,,0,0,0,0,0,0,0,0,ruwe
A,2601.14367,10.3847/1538-3881/ae3c11,2026,0,,0,1,10,0,0,0,0,0,0,0,0,ruwe
B,2601.19870,10.3847/2041-8213/adf06f,2026,0,,0,0,,0,0,0,0,0,0,0,0,
A,2602.02910,10.1051/0004-6361/202555598,2025,0,,0,0,,0,0,0,0,0,0,0,0,excess_noise|gof_al|ipd_gof|ruwe|sigma5d|visibility
B,2602.04661,10.1051/0004-6361/202558768,2026,0,,0,0,,0,0,0,0,0,0,0,0,ruwe
B,2602.04964,10.1093/mnras/stag246,2026,0,,0,0,,0,0,0,0,0,0,0,0,
B,2602.20096,10.3847/1538-3881/ae48ae,2026,0,,0,2,10,0,0,0,0,0,0,0,3,ipd_gof|ruwe
A,2603.00229,10.3847/1538-4365/ae4fbb,2026,0,,0,0,,0,0,0,0,0,0,0,0,ipd_gof|ruwe
A,2603.02327,10.1051/0004-6361/202558003,2026,0,,0,1,5,1,0,0,0,0,0,0,0,ipd_gof|ruwe
A,2603.10481,10.3847/1538-4357/ae4fb5,2026,0,,0,1,5,0,0,0,0,0,0,0,0,ipd_gof
A,2603.11994,10.3847/1538-3881/ae46a2,2026,0,,0,0,,0,0,0,0,0,0,0,0,ruwe
A,2603.25787,10.3847/1538-3881/ae7f02,2026,0,,0,0,,0,0,0,0,0,0,0,0,ipd_gof|ruwe
