rfc,title,idx,section,token,reader_verdict,category,sentence
RFC 10004,Certificate Management over CMS (CMC): Compliance Requirements,1,5,10,ARTEFACT,spec-name,Support for the PKCS #10 syntax for certification requests SHOULD be implemented by servers.
RFC 10004,Certificate Management over CMS (CMC): Compliance Requirements,2,5.1,12,PARAM,borderline: algorithm-fixed size,They MUST also support a 12-octet nonce size and a 12-octet Integrity Check Value (ICV) length.
RFC 10004,Certificate Management over CMS (CMC): Compliance Requirements,3,5.1,12,PARAM,borderline: algorithm-fixed size,They MUST also support a 12-octet nonce size and a 12-octet Integrity Check Value (ICV) length.
RFC 10004,Certificate Management over CMS (CMC): Compliance Requirements,4,5.1,2,ARTEFACT,spec-name,"If an entity supports PasswordRecipientInfo for EnvelopedData, AuthenticatedData, or AuthEnvelopedData, it MUST support Password- Based Key Derivation Function 2 (PBKDF2) [PBKDF2] for key derivation algorithms."
RFC 10004,Certificate Management over CMS (CMC): Compliance Requirements,5,5.1,256,ARTEFACT,spec-name,* SHA-256 MUST be implemented for hashAlgId. * HMAC-SHA256 MUST be implemented for macAlgId.
RFC 10004,Certificate Management over CMS (CMC): Compliance Requirements,6,5.1,256,ARTEFACT,spec-name,* SHA-256 MUST be implemented for keyGenAlgorithm. * PBKDF2 [PBKDF2] MAY be implemented for keyGenAlgorithm. * HMAC-SHA256 MUST be implemented for macAlgorithm.
RFC 10004,Certificate Management over CMS (CMC): Compliance Requirements,7,5.1,256,ARTEFACT,spec-name,* SHA-256 MUST be implemented for witnessAlgID. * HMAC-SHA256 MUST be implemented for thePOPAlgID.
RFC 10004,Certificate Management over CMS (CMC): Compliance Requirements,8,5.1,256,ARTEFACT,spec-name,* SHA-256 MUST be implemented for hashAlgorithm.
RFC 10004,Certificate Management over CMS (CMC): Compliance Requirements,9,5.2,2,ARTEFACT,ascii-table-furniture,+============================+==========+==========+==========+ | Control | EE | RA | CA | +============================+==========+==========+==========+ | Extended CMC Status Info | MUST | MUST | MUST | +----------------------------+----------+----------+----------+ | CMC Status Info | SHOULD | SH
RFC 10004,Certificate Management over CMS (CMC): Compliance Requirements,10,5.2,4,ARTEFACT,ascii-table-furniture,+============================+==========+==========+==========+ | Control | EE | RA | CA | +============================+==========+==========+==========+ | Extended CMC Status Info | MUST | MUST | MUST | +----------------------------+----------+----------+----------+ | CMC Status Info | SHOULD | SH
RFC 10004,Certificate Management over CMS (CMC): Compliance Requirements,11,5.2,5,ARTEFACT,ascii-table-furniture,+============================+==========+==========+==========+ | Control | EE | RA | CA | +============================+==========+==========+==========+ | Extended CMC Status Info | MUST | MUST | MUST | +----------------------------+----------+----------+----------+ | CMC Status Info | SHOULD | SH
RFC 10004,Certificate Management over CMS (CMC): Compliance Requirements,12,5.2,4,ARTEFACT,ascii-table-furniture,+============================+==========+==========+==========+ | Control | EE | RA | CA | +============================+==========+==========+==========+ | Extended CMC Status Info | MUST | MUST | MUST | +----------------------------+----------+----------+----------+ | CMC Status Info | SHOULD | SH
RFC 10004,Certificate Management over CMS (CMC): Compliance Requirements,13,5.2,5,ARTEFACT,ascii-table-furniture,+============================+==========+==========+==========+ | Control | EE | RA | CA | +============================+==========+==========+==========+ | Extended CMC Status Info | MUST | MUST | MUST | +----------------------------+----------+----------+----------+ | CMC Status Info | SHOULD | SH
RFC 10004,Certificate Management over CMS (CMC): Compliance Requirements,14,5.2,3,ARTEFACT,ascii-table-furniture,Acceptance | MUST | MUST | MUST | +----------------------------+----------+----------+----------+ | Publish Trust Anchors | (3) | (3) | (3) | +----------------------------+----------+----------+----------+ | Authenticated Data | (3) | (3) | (3) | +----------------------------+----------+----------+-
RFC 10004,Certificate Management over CMS (CMC): Compliance Requirements,15,5.2,3,ARTEFACT,ascii-table-furniture,Acceptance | MUST | MUST | MUST | +----------------------------+----------+----------+----------+ | Publish Trust Anchors | (3) | (3) | (3) | +----------------------------+----------+----------+----------+ | Authenticated Data | (3) | (3) | (3) | +----------------------------+----------+----------+-
RFC 10004,Certificate Management over CMS (CMC): Compliance Requirements,16,5.2,3,ARTEFACT,ascii-table-furniture,Acceptance | MUST | MUST | MUST | +----------------------------+----------+----------+----------+ | Publish Trust Anchors | (3) | (3) | (3) | +----------------------------+----------+----------+----------+ | Authenticated Data | (3) | (3) | (3) | +----------------------------+----------+----------+-
RFC 10004,Certificate Management over CMS (CMC): Compliance Requirements,17,5.2,3,ARTEFACT,ascii-table-furniture,Acceptance | MUST | MUST | MUST | +----------------------------+----------+----------+----------+ | Publish Trust Anchors | (3) | (3) | (3) | +----------------------------+----------+----------+----------+ | Authenticated Data | (3) | (3) | (3) | +----------------------------+----------+----------+-
RFC 10004,Certificate Management over CMS (CMC): Compliance Requirements,18,5.2,3,ARTEFACT,ascii-table-furniture,Acceptance | MUST | MUST | MUST | +----------------------------+----------+----------+----------+ | Publish Trust Anchors | (3) | (3) | (3) | +----------------------------+----------+----------+----------+ | Authenticated Data | (3) | (3) | (3) | +----------------------------+----------+----------+-
RFC 10004,Certificate Management over CMS (CMC): Compliance Requirements,19,5.2,3,ARTEFACT,ascii-table-furniture,Acceptance | MUST | MUST | MUST | +----------------------------+----------+----------+----------+ | Publish Trust Anchors | (3) | (3) | (3) | +----------------------------+----------+----------+----------+ | Authenticated Data | (3) | (3) | (3) | +----------------------------+----------+----------+-
RFC 10004,Certificate Management over CMS (CMC): Compliance Requirements,20,5.2,2,ARTEFACT,ascii-table-furniture,Acceptance | MUST | MUST | MUST | +----------------------------+----------+----------+----------+ | Publish Trust Anchors | (3) | (3) | (3) | +----------------------------+----------+----------+----------+ | Authenticated Data | (3) | (3) | (3) | +----------------------------+----------+----------+-
RFC 10003,Certificate Management over CMS (CMC): Transport Protocols,1,7,5318,ARTEFACT,line-fragment,5318.
RFC 10002,Certificate Management over CMS (CMC),1,1.1,10,ARTEFACT,spec-name,"As much as possible, the protocol must be based on the existing CMS [CMS] [CMS-AE], PKCS #10 [PKCS10], and CRMF (Certificate Request Message Format) [CRMF] specifications."
RFC 10002,Certificate Management over CMS (CMC),2,1.1,10,ARTEFACT,spec-name,"The protocol must support the current industry practice of a PKCS #10 certification request followed by a PKCS #7 ""certs-only"" response as a subset of the protocol."
RFC 10002,Certificate Management over CMS (CMC),3,1.1,7,ARTEFACT,spec-name,"The protocol must support the current industry practice of a PKCS #10 certification request followed by a PKCS #7 ""certs-only"" response as a subset of the protocol."
RFC 10002,Certificate Management over CMS (CMC),4,3.2.1,10,ARTEFACT,spec-name,"The certification requests can be a CertificationRequest (PKCS #10), a CertReqMsg (CRMF), or an externally defined PKI Request."
RFC 10002,Certificate Management over CMS (CMC),5,3.2.1.2.1,10,ARTEFACT,spec-name,"When producing a certification request based on PKCS #10, clients MUST produce the certification request with a subject name and public key."
RFC 10002,Certificate Management over CMS (CMC),6,5,three,ARTEFACT,count-of-things,"Servers that support EnvelopedData or AuthEnvelopedData MUST provide support for all three EnvelopedData or AuthEnvelopedData options, respectively."
RFC 10002,Certificate Management over CMS (CMC),7,6.1.2,6.13,ARTEFACT,cross-reference,Further details can be found in Sections 6.1.1 and 6.13.
RFC 10002,Certificate Management over CMS (CMC),8,6.1.4,1000,PARAM,code range 1000-1999,Such codes MUST be in the range from 1000 to 1999.
RFC 10002,Certificate Management over CMS (CMC),9,6.2.1,16,PARAM,minimum token length,Implementations MUST be able to support tokens that are at least 16 characters long.
RFC 10002,Certificate Management over CMS (CMC),10,6.3,two,ARTEFACT,count-of-things,"In a CMC Full PKI Request, Proof-of-Identity information about the client is carried in the certificate associated with the signature of the SignedData containing the certification requests, one of the two Identity Proof controls, or the MAC computed for the AuthenticatedData containing the certific"
RFC 10002,Certificate Management over CMS (CMC),11,6.3,10,ARTEFACT,spec-name,"POP information for key pairs, however, is carried separately for each PKCS #10 or CRMF."
RFC 10002,Certificate Management over CMS (CMC),12,6.3,10,ARTEFACT,spec-name,"(For keys capable of generating a digital signature, the POP is provided by the signature on the PKCS #10 or CRMF."
RFC 10002,Certificate Management over CMS (CMC),13,6.3,three,ARTEFACT,count-of-things,"We describe three mechanisms for linking identity and POP information: witness values cryptographically derived from a shared- secret (Section 6.3.1), shared-secret/subject name matching (Section 6.3.2), and subject name matching to an existing certificate (Section 6.3.3)."
RFC 10002,Certificate Management over CMS (CMC),14,6.3,two,ARTEFACT,count-of-things,The idea behind the first two mechanisms is to force the client to sign some data into each certification request that can be directly associated with the shared-secret; this will defeat attempts to include certification requests from different entities in a single Full PKI Request.
RFC 10002,Certificate Management over CMS (CMC),15,6.3.2,two,ARTEFACT,count-of-things,"A common practice could be to place the identification value as part of the subject DN.) When the client generates the Full PKI Request, it MUST use these two pieces of information as follows:"
RFC 10002,Certificate Management over CMS (CMC),16,6.3.2,10,ARTEFACT,spec-name,The client MUST include the specific subject DN that it received along with the shared-secret as the subject name in every certification request (PKCS #10 and/or CRMF) in the Full PKI Request.
RFC 10002,Certificate Management over CMS (CMC),17,6.5.1,10,ARTEFACT,spec-name,Each BodyPartID of the certReferences sequence MUST be equal to either the bodyPartID of a TaggedCertificationRequest (PKCS #10) or the certReqId of the CertRequest within a CertReqMsg (CRMF).
RFC 10002,Certificate Management over CMS (CMC),18,6.5.2,10,ARTEFACT,spec-name,Each body part identifier of the certReferences sequence MUST be equal to either the bodyPartID of a TaggedCertificationRequest (PKCS #10) or the certReqId of the CertRequest within a CertReqMsg (CRMF).
RFC 10002,Certificate Management over CMS (CMC),19,6.7,2,ARTEFACT,step-numbering,"It is assumed that the message sent in Step 1 above is a | Full PKI Request and that the response in Step 2 is a Full PKI | Response including a CMCFailInfo specifying that a POP is | explicitly required, and providing the POP challenge in the | Encrypted POP control."
RFC 10002,Certificate Management over CMS (CMC),20,6.7,64,PARAM,size bound on POP proof value,"If the POP Proof Value is greater than 64 bytes, only the first 64 bytes of the POP Proof Value is used as the secret."
RFC 9999,Remote ATtestation procedureS (RATS) Conceptual Message Wrapper (CMW),1,3.1,4,PARAM,maximum bitmap size,An optional bitmap with a maximum size of 4 bytes that indicates which conceptual message types are carried in the value field.
RFC 9999,Remote ATtestation procedureS (RATS) Conceptual Message Wrapper (CMW),2,3.1,2,ARTEFACT,field-width-derived,"Any combination (i.e., any value between 1 and 2^32-1 inclusive) is allowed."
RFC 9999,Remote ATtestation procedureS (RATS) Conceptual Message Wrapper (CMW),3,3.1,32,ARTEFACT,field-width-derived,"Any combination (i.e., any value between 1 and 2^32-1 inclusive) is allowed."
RFC 9999,Remote ATtestation procedureS (RATS) Conceptual Message Wrapper (CMW),4,3.1,31,ARTEFACT,field-width-derived,"Only 5 bits are registered in this document, so the acceptable values are currently limited to 1 to 31."
RFC 9999,Remote ATtestation procedureS (RATS) Conceptual Message Wrapper (CMW),5,4.1,273,ARTEFACT,code-point,The protected header MUST include either the media type application/ cmw+cbor or the CoAP Content-Format 273.
RFC 9998,Report from the IAB/W3C Workshop on Age-Based Restrictions on Content Access,1,-,1.1,ARTEFACT,table-of-contents,Introduction 1.1.
RFC 9998,Report from the IAB/W3C Workshop on Age-Based Restrictions on Content Access,2,-,1.2,ARTEFACT,table-of-contents,Views Expressed in This Report 1.2.
RFC 9998,Report from the IAB/W3C Workshop on Age-Based Restrictions on Content Access,3,-,2,ARTEFACT,table-of-contents,Chatham House Rule 2.
RFC 9998,Report from the IAB/W3C Workshop on Age-Based Restrictions on Content Access,4,-,3,ARTEFACT,table-of-contents,Overview of the Workshop 3.
RFC 9998,Report from the IAB/W3C Workshop on Age-Based Restrictions on Content Access,5,-,3.1,ARTEFACT,table-of-contents,Key Takeaways 3.1.
RFC 9998,Report from the IAB/W3C Workshop on Age-Based Restrictions on Content Access,6,-,3.2,ARTEFACT,table-of-contents,There Is a Need for Cross-Cutting Collaboration 3.2.
RFC 9998,Report from the IAB/W3C Workshop on Age-Based Restrictions on Content Access,7,-,3.3,ARTEFACT,table-of-contents,Identifying the Roles Involved Is Important 3.3.
RFC 9998,Report from the IAB/W3C Workshop on Age-Based Restrictions on Content Access,8,-,3.4,ARTEFACT,table-of-contents,A Common Vocabulary Is Necessary 3.4.
RFC 9998,Report from the IAB/W3C Workshop on Age-Based Restrictions on Content Access,9,-,3.5,ARTEFACT,table-of-contents,Privacy and Trust Expectations Need Further Discussion 3.5.
RFC 9998,Report from the IAB/W3C Workshop on Age-Based Restrictions on Content Access,10,-,3.6,ARTEFACT,table-of-contents,More Than One Approach Will Be Required 3.6.
RFC 9998,Report from the IAB/W3C Workshop on Age-Based Restrictions on Content Access,11,-,3.7,ARTEFACT,table-of-contents,Mapping the Risks for Architectures Is a Useful Next Step 3.7.
RFC 9998,Report from the IAB/W3C Workshop on Age-Based Restrictions on Content Access,12,-,4,ARTEFACT,table-of-contents,Safety Requires More Than a Technical Solution 4.
RFC 9998,Report from the IAB/W3C Workshop on Age-Based Restrictions on Content Access,13,-,5,ARTEFACT,table-of-contents,Security Considerations 5.
RFC 9998,Report from the IAB/W3C Workshop on Age-Based Restrictions on Content Access,14,-,6,ARTEFACT,table-of-contents,IANA Considerations 6.
RFC 9997,YANG-CBOR: Allocating SID Ranges for Private Enterprise Number (PEN) Holders,1,1,38,ARTEFACT,reported-statistic,"At the time of writing (~38 years after registry creation), around 66 000 PENs are registered."
RFC 9997,YANG-CBOR: Allocating SID Ranges for Private Enterprise Number (PEN) Holders,2,1,66,ARTEFACT,reported-statistic,"At the time of writing (~38 years after registry creation), around 66 000 PENs are registered."
RFC 9997,YANG-CBOR: Allocating SID Ranges for Private Enterprise Number (PEN) Holders,3,1,000,ARTEFACT,split-number,"At the time of writing (~38 years after registry creation), around 66 000 PENs are registered."
RFC 9997,YANG-CBOR: Allocating SID Ranges for Private Enterprise Number (PEN) Holders,4,3,two,PARAM,borderline: count the document assigns,This document assigns two mega-ranges as an extremely-low-threshold (zero-interaction) way for a PEN holder to obtain a number space for the YANG SIDs used in their YANG modules.
RFC 9996,Media Types for Protocol Buffers,1,4,two,ARTEFACT,count-of-things,See Section 7 for the defaults for each of the two registered media types.
RFC 9996,Media Types for Protocol Buffers,2,6,8,ARTEFACT,spec-name,"Note that UTF-8 validation of string fields is optional (see [ProtoFeatures]), and a manual well-formedness check may be necessary."
RFC 9996,Media Types for Protocol Buffers,3,7.2,8,ARTEFACT,spec-name,"Required parameters: charset, which must be set to utf-8 (case- insensitive)"
RFC 9995,CBOR Object Signing and Encryption (COSE) Hash Envelope,1,4,258,ARTEFACT,code-point,* Label 258 (payload_hash_alg) MUST be present in the protected header and MUST NOT be present in the unprotected header.
RFC 9995,CBOR Object Signing and Encryption (COSE) Hash Envelope,2,4,259,ARTEFACT,code-point,* Label 259 (payload_preimage_content_type) MAY be present in the protected header and MUST NOT be present in the unprotected header.
RFC 9995,CBOR Object Signing and Encryption (COSE) Hash Envelope,3,4,260,ARTEFACT,code-point,* Label 260 (payload_location) MAY be present in the protected header and MUST NOT be present in the unprotected header.
RFC 9995,CBOR Object Signing and Encryption (COSE) Hash Envelope,4,4,3,ARTEFACT,code-point,* Label 3 (content_type) MUST NOT be present in the protected or unprotected headers.
RFC 9995,CBOR Object Signing and Encryption (COSE) Hash Envelope,5,5.1,256,ARTEFACT,spec-name,"For example, if the payload was produced with SHA-256, and is signed with ECDSA, use at least P-256 and SHA-256."
RFC 9995,CBOR Object Signing and Encryption (COSE) Hash Envelope,6,5.1,256,ARTEFACT,spec-name,"For example, if the payload was produced with SHA-256, and is signed with ECDSA, use at least P-256 and SHA-256."
RFC 9995,CBOR Object Signing and Encryption (COSE) Hash Envelope,7,5.1,256,ARTEFACT,spec-name,"For example, if the payload was produced with SHA-256, and is signed with ECDSA, use at least P-256 and SHA-256."
RFC 9994,MPLS Network Action (MNA) Sub-Stack Specification Including In-Stack Network Actions and Data,1,4.1,4,ARTEFACT,code-point,"If a packet is received with an LSE containing the bSPL (4) and with S bit set to 1, then the packet MUST be dropped."
RFC 9994,MPLS Network Action (MNA) Sub-Stack Specification Including In-Stack Network Actions and Data,2,5,4,ARTEFACT,code-point,The label value of the LSE contains the MNA bSPL (4) to indicate the presence of the MNA Sub-Stack.
RFC 9994,MPLS Network Action (MNA) Sub-Stack Specification Including In-Stack Network Actions and Data,3,5.2,7,ARTEFACT,field-width,"Thus, the available bits for data that can change by a transit node or differ among packets of the same flow in Format A and Format B LSEs is 0, in a Format C LSE 7 (bits 20-22 and 25-28), and in a Format D LSE 11 (bits 20-22 and 24-31)."
RFC 9994,MPLS Network Action (MNA) Sub-Stack Specification Including In-Stack Network Actions and Data,4,5.2,20,ARTEFACT,field-width,"Thus, the available bits for data that can change by a transit node or differ among packets of the same flow in Format A and Format B LSEs is 0, in a Format C LSE 7 (bits 20-22 and 25-28), and in a Format D LSE 11 (bits 20-22 and 24-31)."
RFC 9994,MPLS Network Action (MNA) Sub-Stack Specification Including In-Stack Network Actions and Data,5,5.2,22,ARTEFACT,field-width,"Thus, the available bits for data that can change by a transit node or differ among packets of the same flow in Format A and Format B LSEs is 0, in a Format C LSE 7 (bits 20-22 and 25-28), and in a Format D LSE 11 (bits 20-22 and 24-31)."
RFC 9994,MPLS Network Action (MNA) Sub-Stack Specification Including In-Stack Network Actions and Data,6,5.2,25,ARTEFACT,field-width,"Thus, the available bits for data that can change by a transit node or differ among packets of the same flow in Format A and Format B LSEs is 0, in a Format C LSE 7 (bits 20-22 and 25-28), and in a Format D LSE 11 (bits 20-22 and 24-31)."
RFC 9994,MPLS Network Action (MNA) Sub-Stack Specification Including In-Stack Network Actions and Data,7,5.2,28,ARTEFACT,field-width,"Thus, the available bits for data that can change by a transit node or differ among packets of the same flow in Format A and Format B LSEs is 0, in a Format C LSE 7 (bits 20-22 and 25-28), and in a Format D LSE 11 (bits 20-22 and 24-31)."
RFC 9994,MPLS Network Action (MNA) Sub-Stack Specification Including In-Stack Network Actions and Data,8,5.2,11,ARTEFACT,field-width,"Thus, the available bits for data that can change by a transit node or differ among packets of the same flow in Format A and Format B LSEs is 0, in a Format C LSE 7 (bits 20-22 and 25-28), and in a Format D LSE 11 (bits 20-22 and 24-31)."
RFC 9994,MPLS Network Action (MNA) Sub-Stack Specification Including In-Stack Network Actions and Data,9,5.2,20,ARTEFACT,field-width,"Thus, the available bits for data that can change by a transit node or differ among packets of the same flow in Format A and Format B LSEs is 0, in a Format C LSE 7 (bits 20-22 and 25-28), and in a Format D LSE 11 (bits 20-22 and 24-31)."
RFC 9994,MPLS Network Action (MNA) Sub-Stack Specification Including In-Stack Network Actions and Data,10,5.2,22,ARTEFACT,field-width,"Thus, the available bits for data that can change by a transit node or differ among packets of the same flow in Format A and Format B LSEs is 0, in a Format C LSE 7 (bits 20-22 and 25-28), and in a Format D LSE 11 (bits 20-22 and 24-31)."
RFC 9994,MPLS Network Action (MNA) Sub-Stack Specification Including In-Stack Network Actions and Data,11,5.2,24,ARTEFACT,field-width,"Thus, the available bits for data that can change by a transit node or differ among packets of the same flow in Format A and Format B LSEs is 0, in a Format C LSE 7 (bits 20-22 and 25-28), and in a Format D LSE 11 (bits 20-22 and 24-31)."
RFC 9994,MPLS Network Action (MNA) Sub-Stack Specification Including In-Stack Network Actions and Data,12,5.2,31,ARTEFACT,field-width,"Thus, the available bits for data that can change by a transit node or differ among packets of the same flow in Format A and Format B LSEs is 0, in a Format C LSE 7 (bits 20-22 and 25-28), and in a Format D LSE 11 (bits 20-22 and 24-31)."
RFC 9994,MPLS Network Action (MNA) Sub-Stack Specification Including In-Stack Network Actions and Data,13,6.2,13,ARTEFACT,field-width-derived,"If this opcode is used with LSE Format B only, then up to 13 flags may be carried."
RFC 9994,MPLS Network Action (MNA) Sub-Stack Specification Including In-Stack Network Actions and Data,14,6.2,20,ARTEFACT,field-width-derived,"If this opcode is used with LSE Format C only, then up to 20 flags may be carried."
RFC 9994,MPLS Network Action (MNA) Sub-Stack Specification Including In-Stack Network Actions and Data,15,6.2,20,ARTEFACT,field-width-derived,Format D LSEs can be used with Format C LSEs to encode more than 20 flags.
RFC 9994,MPLS Network Action (MNA) Sub-Stack Specification Including In-Stack Network Actions and Data,16,6.4,127,ARTEFACT,code-point,This opcode is used to extend the current opcode range beyond 127 in the future.
RFC 9994,MPLS Network Action (MNA) Sub-Stack Specification Including In-Stack Network Actions and Data,17,6.4,127,ARTEFACT,code-point,"If this opcode is not supported, then the packet with opcode 127 MUST be dropped regardless of the setting of the U bit."
RFC 9994,MPLS Network Action (MNA) Sub-Stack Specification Including In-Stack Network Actions and Data,18,12.3,15,ARTEFACT,code-point,"Note that the behavior of an MNA-incapable transit LSR that scans the label stack for FLI (including the extension label 15) and FL, but encounters a different, unrecognized reserved label first, is not modified by this document."
RFC 9994,MPLS Network Action (MNA) Sub-Stack Specification Including In-Stack Network Actions and Data,19,13.2.1,20,ARTEFACT,field-width,Bit Position 20 is the most significant bit in the first LSE Format D Data field.
RFC 9994,MPLS Network Action (MNA) Sub-Stack Specification Including In-Stack Network Actions and Data,20,13.2.1,14,ARTEFACT,field-width-derived,"There are, at most, 14 Format D LSEs per opcode (due to the NASL limit of 15 and the constraint of Format D requiring a Format C LSE), so there are at most 20 + 14 * 30 = 440 bit positions."
RFC 9993,RTP Payload Format for Haptics,1,4.2,Four,ARTEFACT,count-of-things,Four types of MIHS units are defined.
RFC 9993,RTP Payload Format for Haptics,2,5.3.2,7,ARTEFACT,code-point,The value of the UT field of the payload header is 7.
RFC 9993,RTP Payload Format for Haptics,3,5.3.3,6,ARTEFACT,code-point,The value of the UT field of the payload header is 6.
RFC 9993,RTP Payload Format for Haptics,4,6.1,23090,ARTEFACT,spec-name,The values of the SDP parameters indicated in this section are based on the current version of the MPEG Haptics Coding standard (ISO/IEC 23090-31:2025) and may be different in future versions of [ISO.IEC.23090-31].
RFC 9993,RTP Payload Format for Haptics,5,6.1,31,ARTEFACT,spec-name,The values of the SDP parameters indicated in this section are based on the current version of the MPEG Haptics Coding standard (ISO/IEC 23090-31:2025) and may be different in future versions of [ISO.IEC.23090-31].
RFC 9993,RTP Payload Format for Haptics,6,6.1,23090,ARTEFACT,spec-name,"For the initial (and current) version of the MPEG Haptics Coding standard (ISO/IEC 23090-31:2025), the value is ""2025""."
RFC 9993,RTP Payload Format for Haptics,7,6.1,31,ARTEFACT,spec-name,"For the initial (and current) version of the MPEG Haptics Coding standard (ISO/IEC 23090-31:2025), the value is ""2025""."
RFC 9993,RTP Payload Format for Haptics,8,6.1,2,ARTEFACT,enumeration-value,MPEG_haptics object.level is an integer that may contain the value 1 or 2.
RFC 9993,RTP Payload Format for Haptics,9,6.1,2,PARAM,default level,"When lvl is not present, the default value 2 SHOULD be inferred."
RFC 9993,RTP Payload Format for Haptics,10,7,8000,PARAM,borderline: typical clock rate,"The clock rate in the ""a=rtpmap"" line may be any sampling rate, typically 8000."
RFC 9993,RTP Payload Format for Haptics,11,7.1,8000,PARAM,borderline: typical sample rate,A typical sample rate is 8000 Hz.
RFC 9993,RTP Payload Format for Haptics,12,7.1,2,PARAM,"default level, restated","If it is not specified, the most general level ""2"" SHOULD be inferred, although the sender and receiver MAY use a specific version based on an out-of-band agreement."
RFC 9992,Routing in Fat Trees (RIFT) Key/Value Topology Information Elements Structure and Processing,1,2,3,ARTEFACT,field-width,*Key Identifier:* A 3-byte value that identifies the specific key and describes the semantics of any contained values.
RFC 9992,Routing in Fat Trees (RIFT) Key/Value Topology Information Elements Structure and Processing,2,2.1,2,ARTEFACT,field-width,*Key Sub-Identifier:* A 2-byte value that identifies the specific key and describes the semantics of any contained values.
RFC 9992,Routing in Fat Trees (RIFT) Key/Value Topology Information Elements Structure and Processing,3,2.3,2,ARTEFACT,code-point,"As shown in Figure 4, the Key Type is set to 2, which identifies the Key Type as Well-Known."
RFC 9992,Routing in Fat Trees (RIFT) Key/Value Topology Information Elements Structure and Processing,4,2.4,3,ARTEFACT,code-point,"As shown in Figure 5, the Key Type is set to 3, which identifies the Key Type as OUI."
RFC 9992,Routing in Fat Trees (RIFT) Key/Value Topology Information Elements Structure and Processing,5,3.1.1.1,2,ARTEFACT,idl-field-tag,"/** simple type to test correct tie-breaking based on system ID */ struct SystemIdentifierKV { 1: required common.SystemIDType system_id, 2: optional common.LevelType level, }"
RFC 9991,"Domain-Based Message Authentication, Reporting, and Conformance (DMARC) Failure Reporting",1,8,11,ARTEFACT,cross-reference,"While reviewing this document and its security considerations, the reader should also review the privacy considerations above, as well as the privacy considerations and security considerations in Sections 10 and 11 of [RFC9989] and in Sections 7 and 8 of [RFC9990]."
RFC 9991,"Domain-Based Message Authentication, Reporting, and Conformance (DMARC) Failure Reporting",2,8,8,ARTEFACT,cross-reference,"While reviewing this document and its security considerations, the reader should also review the privacy considerations above, as well as the privacy considerations and security considerations in Sections 10 and 11 of [RFC9989] and in Sections 7 and 8 of [RFC9990]."
