arxiv,verdict,fetch_ok,members,bytes,fetch_error,landed_all_zero,landed_mentioned,now_mentioned,diffs
2011.02505,AGREE,1,11,10563381,,0,1,1,
2012.01742,AGREE,1,4,8512856,,0,1,1,
2012.09204,AGREE,1,2,827930,,0,1,1,
2101.05282,AGREE,1,1,3455474,,0,1,1,
2101.05811,AGREE,1,22,21018537,,0,1,1,
2101.07122,AGREE,1,2,6930237,,0,1,1,
2101.10206,AGREE,1,2,333364,,0,1,1,
2102.09568,AGREE,1,4,1984820,,0,1,1,
2102.13654,AGREE,1,3,3219550,,0,1,1,
2103.09923,AGREE,1,7,22041902,,0,1,1,
2103.12760,AGREE,1,1,3296284,,0,1,1,
2104.00662,AGREE,1,3,5138309,,0,1,1,
2104.11759,AGREE,1,2,8123944,,0,1,1,
2104.12883,AGREE,1,2,1651787,,0,0,0,
2104.13148,AGREE,1,2,5371784,,0,1,1,
2104.13941,AGREE,1,2,4597651,,0,1,1,
2104.14565,AGREE,1,1,32709108,,0,1,1,
2105.13370,AGREE,1,2,4832129,,0,1,1,
2106.07669,AGREE,1,2,8483338,,0,1,1,
2106.08128,AGREE,1,2,417392,,0,1,1,
2106.08819,AGREE,1,2,11458266,,0,1,1,
2106.13337,AGREE,1,9,9720189,,0,1,1,
2107.00036,AGREE,1,2,36882672,,0,1,1,
2107.06303,AGREE,1,1,7194458,,0,1,1,
2107.06373,AGREE,1,1,440961,,0,1,1,
2107.08057,AGREE,1,2,6608128,,0,1,1,
2107.10259,AGREE,1,15,795279,,0,1,1,
2107.12691,AGREE,1,2,6627706,,0,1,1,
2108.04255,AGREE,1,1,3376184,,0,0,0,
2108.05321,AGREE,1,1,703644,,0,1,1,
2109.00836,AGREE,1,4,5792828,,0,1,1,
2109.09185,AGREE,1,2,6282055,,0,1,1,
2109.10912,AGREE,1,7,8805489,,0,1,1,
2109.11951,AGREE,1,1,362728,,0,1,1,
2109.12114,AGREE,1,2,8089422,,0,1,1,
2110.04576,AGREE,1,1,4173168,,0,1,1,
2110.13382,AGREE,1,2,18506897,,0,1,1,
2110.13943,AGREE,1,2,5801324,,0,1,1,
2111.01145,AGREE,1,2,5528541,,0,1,1,
2111.01860,AGREE,1,2,28841433,,0,1,1,
2111.03676,AGREE,1,2,3070790,,0,1,1,
2111.03887,AGREE,1,2,2720940,,0,1,1,
2111.05291,AGREE,1,2,2702887,,0,1,1,
2111.09324,AGREE,1,2,9806717,,0,1,1,
2111.11196,AGREE,1,2,552776,,0,1,1,
2111.11725,AGREE,1,2,3896053,,0,1,1,
2111.13939,AGREE,1,1,1548670,,0,1,1,
2111.13946,AGREE,1,1,5090405,,0,1,1,
2112.00852,AGREE,1,2,17725610,,0,1,1,
2112.01703,AGREE,1,2,652356,,0,1,1,
2112.03959,AGREE,1,2,1635757,,0,1,1,
2112.06683,AGREE,1,2,2297730,,0,1,1,
2112.07023,AGREE,1,2,2640445,,0,1,1,
2112.11943,AGREE,1,1,146114,,0,1,1,
2112.12152,AGREE,1,3,16441108,,0,1,1,
2112.15353,AGREE,1,2,725702,,0,1,1,
2201.00733,AGREE,1,1,1461231,,0,1,1,
2201.05614,AGREE,1,1,2380516,,0,1,1,
2201.09097,AGREE,1,2,3259900,,0,1,1,
2201.09438,AGREE,1,3,5466279,,0,1,1,
2201.09963,AGREE,1,2,4232173,,0,1,1,
2201.13379,AGREE,1,2,1059345,,0,1,1,
2202.00042,AGREE,1,2,18787123,,0,1,1,
2202.04199,AGREE,1,2,2615902,,0,1,1,
2202.06963,AGREE,1,2,14658771,,0,1,1,
2202.08369,AGREE,1,2,1384810,,0,1,1,
2203.01953,AGREE,1,1,2979493,,0,1,1,
2203.03659,AGREE,1,2,4362319,,0,1,1,
2203.07294,AGREE,1,2,2423086,,0,1,1,
2203.07938,AGREE,1,1,3897806,,0,1,1,
2203.08971,AGREE,1,2,3692933,,0,0,0,
2203.11250,AGREE,1,6,5769960,,0,1,1,
2203.12795,AGREE,1,2,23742236,,0,1,1,
2204.09414,AGREE,1,6,1419983,,0,1,1,
2204.12140,AGREE,1,2,15286550,,0,1,1,
2204.12551,AGREE,1,2,7096843,,0,1,1,
2204.13672,AGREE,1,3,730193,,0,1,1,
2205.00040,AGREE,1,2,267881,,0,1,1,
2205.03444,AGREE,1,2,7459637,,0,1,1,
2205.06186,AGREE,1,2,8149848,,0,1,1,
2205.12278,AGREE,1,2,3346927,,0,1,1,
2205.12874,AGREE,1,2,5709635,,0,0,0,
2205.13715,AGREE,1,5,2151692,,0,1,1,
2206.00417,AGREE,1,2,1300198,,0,1,1,
2206.00604,AGREE,1,2,400352,,0,1,1,
2206.03511,AGREE,1,2,29022894,,0,1,1,
2206.03777,AGREE,1,2,2623413,,0,1,1,
2206.04148,AGREE,1,2,9990891,,0,1,1,
2206.04392,AGREE,1,2,35609322,,0,1,1,
2206.04458,AGREE,1,3,374511,,0,1,1,
2206.04567,AGREE,1,10,17411710,,0,1,1,
2206.05411,AGREE,1,2,9526051,,0,1,1,
2206.05595,AGREE,1,2,22113634,,0,1,1,
2206.05902,AGREE,1,2,8427973,,0,1,1,
2206.05989,AGREE,1,2,12048946,,0,1,1,
2206.06121,AGREE,1,7,2461772,,0,1,1,
2206.08230,AGREE,1,2,344060,,0,1,1,
2206.08383,AGREE,1,2,2529459,,0,1,1,
2206.09990,AGREE,1,2,7252490,,0,1,1,
2206.10505,AGREE,1,5,12193241,,0,1,1,
2206.11047,AGREE,1,2,2866721,,0,1,1,
2206.11275,AGREE,1,2,40341328,,0,1,1,
2206.12170,AGREE,1,4,1763340,,0,1,1,
2206.15318,AGREE,1,5,427774,,0,1,1,
2207.02925,AGREE,1,1,242981,,0,1,1,
2207.06258,AGREE,1,6,462606,,0,1,1,
2207.08452,AGREE,1,2,17659857,,0,1,1,
2207.08742,AGREE,1,2,7820046,,0,1,1,
2207.13368,AGREE,1,3,711818,,0,1,1,
2208.02257,AGREE,1,4,3798554,,0,1,1,
2208.05277,AGREE,1,2,15773380,,0,1,1,
2208.05488,AGREE,1,1,1717374,,0,0,0,
2208.06715,AGREE,1,1,348993,,0,1,1,
2208.09403,AGREE,1,2,13661920,,0,1,1,
2208.12112,AGREE,1,6,1631324,,0,1,1,
2209.02731,AGREE,1,2,8426144,,0,1,1,
2209.03906,AGREE,1,2,7262699,,0,1,1,
2209.04210,AGREE,1,2,1789752,,0,1,1,
2209.06833,AGREE,1,1,3474210,,0,1,1,
2209.07885,AGREE,1,2,8515587,,0,1,1,
2209.09915,AGREE,1,2,5236645,,0,1,1,
2209.12938,AGREE,1,8,3158541,,0,1,1,
2209.13107,AGREE,1,2,4208097,,0,1,1,
2210.01137,AGREE,1,2,6877461,,0,1,1,
2210.03725,AGREE,1,2,2290758,,0,1,1,
2210.08510,AGREE,1,7,1554158,,0,1,1,
2210.11930,AGREE,1,2,16482499,,0,1,1,
2210.14734,AGREE,1,2,97608,,0,1,1,
2211.01449,AGREE,1,2,6913888,,0,1,1,
2211.01534,AGREE,1,5,4330670,,0,1,1,
2211.06194,AGREE,1,3,10084443,,0,0,0,
2211.07899,AGREE,1,3,2820458,,0,1,1,
2211.08463,AGREE,1,3,1122019,,0,1,1,
2211.08852,AGREE,1,2,6414377,,0,1,1,
2211.14322,AGREE,1,2,2681892,,0,1,1,
2212.02542,AGREE,1,2,8553297,,0,1,1,
2212.08249,AGREE,1,5,10545132,,0,1,1,
2212.11971,AGREE,1,4,40669674,,0,1,1,
2301.01722,AGREE,1,3,1884733,,0,1,1,
2301.03777,AGREE,1,2,1092041,,0,1,1,
2301.05018,AGREE,1,2,1588751,,0,1,1,
2301.12109,AGREE,1,2,1826764,,0,1,1,
2302.00053,AGREE,1,2,5430238,,0,1,1,
2302.02611,AGREE,1,2,2588010,,0,1,1,
2302.02802,AGREE,1,2,11340195,,0,0,0,
2302.04348,AGREE,1,36,2276847,,0,1,1,
2303.15253,AGREE,1,2,2174548,,0,1,1,
2303.17424,AGREE,1,2,1801030,,0,1,1,
2304.00226,AGREE,1,1,16097457,,0,1,1,
2304.01671,AGREE,1,2,2562222,,0,1,1,
2304.02209,AGREE,1,9,21110722,,0,1,1,
2304.07158,AGREE,1,2,14336384,,0,1,1,
2304.07322,AGREE,1,1,4310215,,0,1,1,
2304.08370,AGREE,1,2,3113473,,0,1,1,
2304.11980,AGREE,1,4,7130068,,0,1,1,
2304.12490,AGREE,1,4,36151717,,0,1,1,
2304.13951,AGREE,1,3,1303637,,0,0,0,
2305.03557,AGREE,1,1,173824,,0,1,1,
2305.04613,AGREE,1,1,24748459,,0,1,1,
2305.09215,AGREE,1,2,5827761,,0,1,1,
2305.09414,AGREE,1,1,8210691,,0,1,1,
2305.10269,AGREE,1,5,1569911,,0,1,1,
2305.16495,AGREE,1,3,12159517,,0,1,1,
2305.17755,AGREE,1,2,2469294,,0,1,1,
2305.18147,AGREE,1,1,146383,,0,1,1,
2305.19319,AGREE,1,6,9724603,,0,1,1,
2306.03140,AGREE,1,2,1165369,,0,1,1,
2306.03357,AGREE,1,2,295711,,0,1,1,
2306.08179,AGREE,1,2,2490236,,0,1,1,
2306.13130,AGREE,1,2,3056523,,0,1,1,
2306.13132,AGREE,1,3,2471613,,0,1,1,
2307.01337,AGREE,1,2,254479,,0,1,1,
2307.01688,AGREE,1,2,274926,,0,1,1,
2307.05421,AGREE,1,3,3228005,,0,1,1,
2307.13719,AGREE,1,2,2653602,,0,1,1,
2308.00104,AGREE,1,2,4261850,,0,1,1,
2308.05613,AGREE,1,2,2071903,,0,1,1,
2308.08584,AGREE,1,2,4893010,,0,1,1,
2308.12330,AGREE,1,2,2150179,,0,1,1,
2308.12489,AGREE,1,1,3345185,,0,1,1,
2308.13039,AGREE,1,4,4785033,,0,1,1,
2309.10148,AGREE,1,2,8679927,,0,1,1,
2309.10404,AGREE,1,1,25682545,,0,1,1,
2309.10862,AGREE,1,6,2299799,,0,1,1,
2309.11390,AGREE,1,2,20070630,,0,1,1,
2309.13453,AGREE,1,2,2316958,,0,1,1,
2309.15905,AGREE,1,1,3203240,,0,1,1,
2310.02256,AGREE,1,2,9447388,,0,1,1,
2310.03654,AGREE,1,2,16788625,,0,1,1,
2310.05653,AGREE,1,2,117235,,0,1,1,
2310.06295,AGREE,1,2,21423771,,0,1,1,
2310.08890,AGREE,1,3,5822066,,0,1,1,
2310.15671,AGREE,1,3,13976840,,0,1,1,
2310.20176,AGREE,1,2,21119495,,0,1,1,
2311.01827,AGREE,1,2,1929089,,0,1,1,
2311.03199,AGREE,1,3,9711924,,0,1,1,
2311.08358,AGREE,1,6,8626061,,0,1,1,
2311.08489,AGREE,1,2,7206091,,0,1,1,
2311.08801,AGREE,1,2,1550064,,0,1,1,
2312.02260,AGREE,1,2,587927,,0,0,0,
2312.02735,AGREE,1,2,1415982,,0,1,1,
2312.03162,AGREE,1,1,1220083,,0,1,1,
2312.05301,AGREE,1,1,2994316,,0,1,1,
2312.06776,AGREE,1,3,1406891,,0,1,1,
2312.10158,AGREE,1,1,9492974,,0,1,1,
2312.11124,AGREE,1,2,15014078,,0,1,1,
2312.11664,AGREE,1,2,5099482,,0,1,1,
2312.12827,AGREE,1,2,14136791,,0,1,1,
2401.03959,AGREE,1,2,691346,,0,1,1,
2401.04173,AGREE,1,2,2766221,,0,1,1,
2401.05630,AGREE,1,2,4202118,,0,1,1,
2401.08546,AGREE,1,12,1257314,,0,1,1,
2402.04919,AGREE,1,2,2986120,,0,1,1,
2402.13223,AGREE,1,6,582215,,0,1,1,
2402.14960,AGREE,1,2,2949849,,0,1,1,
2402.15101,AGREE,1,1,7349323,,0,1,1,
2402.15438,AGREE,1,9,289663,,0,1,1,
2403.03261,AGREE,1,8,6835334,,0,1,1,
2403.04592,AGREE,1,2,13689484,,0,1,1,
2403.04606,AGREE,1,2,143240,,0,1,1,
2403.12146,AGREE,1,1,3121414,,0,1,1,
2404.02976,AGREE,1,2,1880504,,0,1,1,
2404.08234,AGREE,1,2,7627912,,0,1,1,
2404.11022,AGREE,1,3,883823,,0,1,1,
2404.14127,AGREE,1,2,2922735,,0,1,1,
2404.18099,AGREE,1,2,1092222,,0,1,1,
2404.19676,AGREE,1,2,10109249,,0,1,1,
2405.00780,AGREE,1,1,4012281,,0,0,0,
2405.10379,AGREE,1,2,2105340,,0,1,1,
2405.13395,AGREE,1,2,8461019,,0,1,1,
2406.04288,AGREE,1,4,8761609,,0,1,1,
2406.07196,AGREE,1,2,3530254,,0,1,1,
2406.11593,AGREE,1,2,687690,,0,1,1,
2406.18767,AGREE,1,2,13787430,,0,1,1,
2407.01037,AGREE,1,3,2118474,,0,1,1,
2407.02594,AGREE,1,2,3307675,,0,1,1,
2407.04765,AGREE,1,2,780661,,0,1,1,
2407.10823,AGREE,1,2,52490801,,0,1,1,
2407.12583,AGREE,1,2,16177544,,0,1,1,
2407.18828,AGREE,1,2,6291893,,0,1,1,
2407.19219,AGREE,1,2,4453392,,0,1,1,
2407.20949,AGREE,1,3,2800291,,0,1,1,
2408.05423,AGREE,1,2,495518,,0,1,1,
2408.14694,AGREE,1,4,5293169,,0,1,1,
2409.04524,AGREE,1,2,32746927,,0,1,1,
2409.16992,AGREE,1,2,8161329,,0,1,1,
2409.16993,AGREE,1,2,10429710,,0,1,1,
2410.05654,AGREE,1,2,9280968,,0,1,1,
2410.05974,AGREE,1,2,2521848,,0,1,1,
2410.14372,AGREE,1,2,25701040,,0,1,1,
2410.20194,AGREE,1,6,7599461,,0,1,1,
2411.00088,AGREE,1,1,7144173,,0,1,1,
2412.08333,AGREE,1,1,537617,,0,1,1,
2412.08465,AGREE,1,10,518520,,0,1,1,
2501.02587,AGREE,1,2,132560,,0,1,1,
2501.06295,AGREE,1,2,20600579,,0,1,1,
2501.08486,AGREE,1,2,7534335,,0,1,1,
2501.13809,AGREE,1,6,1312336,,0,1,1,
2501.14025,AGREE,1,2,5050004,,0,0,0,
2501.14462,AGREE,1,2,6729973,,0,1,1,
2501.14494,AGREE,1,2,21525794,,0,1,1,
2501.14955,AGREE,1,5,6577640,,0,1,1,
2501.16554,AGREE,1,2,2046311,,0,1,1,
2501.18719,AGREE,1,2,6409497,,0,1,1,
2502.01910,AGREE,1,3,5311779,,0,1,1,
2502.08068,AGREE,1,2,1366535,,0,1,1,
2502.09373,AGREE,1,1,30937854,,0,1,1,
2503.02657,AGREE,1,4,14003012,,0,1,1,
2503.05160,AGREE,1,2,11399070,,0,1,1,
2503.08286,AGREE,1,2,4402818,,0,1,1,
2503.08583,AGREE,1,3,1412965,,0,1,1,
2504.06362,AGREE,1,7,11546856,,0,1,1,
2504.06973,AGREE,1,2,2660176,,0,1,1,
2504.07569,AGREE,1,2,1729531,,0,1,1,
2504.11528,AGREE,1,1,1080850,,0,1,1,
2504.19866,AGREE,1,2,5592044,,0,1,1,
2505.03085,AGREE,1,2,1032820,,0,1,1,
2505.03716,AGREE,1,2,5161843,,0,1,1,
2505.10123,AGREE,1,2,9594371,,0,1,1,
2505.12563,AGREE,1,2,16215937,,0,1,1,
2505.12945,AGREE,1,2,5024284,,0,1,1,
2506.02763,AGREE,1,2,15690061,,0,1,1,
2506.07499,AGREE,1,2,544358,,0,1,1,
2506.16513,AGREE,1,2,4373985,,0,1,1,
2506.17861,AGREE,1,2,3618093,,0,1,1,
2506.19933,AGREE,1,2,6161058,,0,1,1,
2506.21768,AGREE,1,2,9727377,,0,1,1,
2506.22399,AGREE,1,2,882782,,0,1,1,
2507.01855,AGREE,1,44,20468641,,0,1,1,
2507.09622,AGREE,1,2,7583076,,0,1,1,
2507.13177,AGREE,1,2,8000908,,0,1,1,
2507.13783,AGREE,1,2,6936917,,0,1,1,
2507.15936,AGREE,1,1,349622,,0,1,1,
2507.19273,AGREE,1,2,383200,,0,1,1,
2508.01127,AGREE,1,2,681602,,0,1,1,
2508.08364,AGREE,1,2,1810445,,0,1,1,
2508.08374,AGREE,1,8,1192907,,0,1,1,
2508.09845,AGREE,1,1,1042442,,0,1,1,
2508.14875,AGREE,1,2,6173181,,0,1,1,
2508.16717,AGREE,1,2,3435976,,0,1,1,
2509.03361,AGREE,1,2,1724905,,0,1,1,
2509.04555,AGREE,1,2,2759130,,0,0,0,
2509.13412,AGREE,1,2,4903958,,0,1,1,
2509.21643,AGREE,1,1,1593643,,0,0,0,
2509.26132,AGREE,1,2,3513336,,0,0,0,
2510.02509,AGREE,1,2,12935756,,0,1,1,
2510.08390,AGREE,1,2,4298913,,0,1,1,
2510.13288,AGREE,1,2,2461792,,0,1,1,
2510.14927,AGREE,1,2,12670363,,0,1,1,
2510.18343,AGREE,1,1,5864652,,0,1,1,
2510.19810,AGREE,1,3,11442709,,0,1,1,
2511.02539,AGREE,1,3,3553306,,0,1,1,
2511.04673,AGREE,1,2,14000070,,0,1,1,
2511.07554,AGREE,1,1,437386,,0,1,1,
2511.15610,AGREE,1,1,1188519,,0,1,1,
2511.20923,AGREE,1,6,5927125,,0,1,1,
2511.23368,AGREE,1,1,498798,,0,1,1,
2512.02135,AGREE,1,1,597181,,0,1,1,
2512.25002,AGREE,1,1,18880670,,0,1,1,
2601.02054,AGREE,1,2,3943032,,0,1,1,
2601.02250,AGREE,1,1,1357132,,0,1,1,
2601.03810,AGREE,1,1,412909,,0,1,1,
2601.05387,AGREE,1,1,1555351,,0,1,1,
2601.07184,AGREE,1,1,8298947,,0,1,1,
2601.09671,AGREE,1,1,463760,,0,1,1,
2601.11191,AGREE,1,1,3481387,,0,1,1,
2601.14367,AGREE,1,1,2694632,,0,1,1,
2602.02910,AGREE,1,1,15171998,,0,1,1,
2602.04661,AGREE,1,1,678257,,0,1,1,
2602.20096,AGREE,1,1,3421913,,0,1,1,
2603.00229,AGREE,1,1,1059622,,0,1,1,
2603.02327,AGREE,1,1,3206266,,0,1,1,
2603.10481,AGREE,1,2,2800725,,0,0,0,
2603.11994,AGREE,1,3,1458820,,0,1,1,
2603.25787,AGREE,1,7,6398094,,0,1,1,
2201.05124,NO_SOURCE_ZEROS,0,0,1628894,BadGzipFile: Not a gzipped file (b'%P'),1,0,,
2203.11234,NO_SOURCE_ZEROS,0,0,1550906,BadGzipFile: Not a gzipped file (b'%P'),1,0,,
2206.05704,NO_SOURCE_ZEROS,0,0,4023523,BadGzipFile: Not a gzipped file (b'%P'),1,0,,
2212.12087,NO_SOURCE_ZEROS,0,0,7026601,BadGzipFile: Not a gzipped file (b'%P'),1,0,,
2309.06860,NO_SOURCE_ZEROS,0,0,3680601,BadGzipFile: Not a gzipped file (b'%P'),1,0,,
2403.15513,NO_SOURCE_ZEROS,0,0,5177806,BadGzipFile: Not a gzipped file (b'%P'),1,0,,
2404.14324,NO_SOURCE_ZEROS,0,0,26129235,BadGzipFile: Not a gzipped file (b'%P'),1,0,,
2408.13618,NO_SOURCE_ZEROS,0,0,1024264,BadGzipFile: Not a gzipped file (b'%P'),1,0,,
2505.08109,NO_SOURCE_ZEROS,0,0,13111387,BadGzipFile: Not a gzipped file (b'%P'),1,0,,
2012.01916,TRUE_ZERO,1,4,22809902,,1,0,0,
2012.06420,TRUE_ZERO,1,2,18845081,,1,0,0,
2012.08534,TRUE_ZERO,1,4,320718,,1,0,0,
2102.07790,TRUE_ZERO,1,4,12070933,,1,0,0,
2103.05000,TRUE_ZERO,1,4,2267636,,1,0,0,
2103.07432,TRUE_ZERO,1,2,715927,,1,0,0,
2104.04231,TRUE_ZERO,1,2,14646114,,1,0,0,
2104.07934,TRUE_ZERO,1,2,6147537,,1,0,0,
2105.06108,TRUE_ZERO,1,2,780661,,1,0,0,
2105.07266,TRUE_ZERO,1,1,1617738,,1,0,0,
2105.11662,TRUE_ZERO,1,6,5173991,,1,0,0,
2105.13379,TRUE_ZERO,1,1,559519,,1,0,0,
2106.15656,TRUE_ZERO,1,3,3533253,,1,0,0,
2107.06340,TRUE_ZERO,1,2,4308276,,1,0,0,
2108.01100,TRUE_ZERO,1,2,3854740,,1,0,0,
2108.11001,TRUE_ZERO,1,1,252472,,1,0,0,
2108.11208,TRUE_ZERO,1,2,650447,,1,0,0,
2109.03149,TRUE_ZERO,1,2,3732971,,1,0,0,
2109.07522,TRUE_ZERO,1,2,659480,,1,0,0,
2109.10998,TRUE_ZERO,1,3,5767522,,1,0,0,
2109.11826,TRUE_ZERO,1,3,4707865,,1,0,0,
2110.06240,TRUE_ZERO,1,3,3667186,,1,0,0,
2110.10182,TRUE_ZERO,1,1,698943,,1,0,0,
2111.02131,TRUE_ZERO,1,2,7463243,,1,0,0,
2111.06506,TRUE_ZERO,1,2,11616267,,1,0,0,
2111.06899,TRUE_ZERO,1,1,8287069,,1,0,0,
2111.11787,TRUE_ZERO,1,1,8937230,,1,0,0,
2112.04504,TRUE_ZERO,1,2,833738,,1,0,0,
2112.04678,TRUE_ZERO,1,2,8791352,,1,0,0,
2112.11475,TRUE_ZERO,1,1,1702830,,1,0,0,
2112.11567,TRUE_ZERO,1,2,512793,,1,0,0,
2201.03252,TRUE_ZERO,1,2,13082247,,1,0,0,
2201.04134,TRUE_ZERO,1,2,1877877,,1,0,0,
2201.08146,TRUE_ZERO,1,2,2281261,,1,0,0,
2201.08285,TRUE_ZERO,1,1,5744638,,1,0,0,
2201.08508,TRUE_ZERO,1,3,680282,,1,0,0,
2201.11376,TRUE_ZERO,1,2,2060969,,1,0,0,
2202.02315,TRUE_ZERO,1,2,537871,,1,0,0,
2202.07942,TRUE_ZERO,1,2,3272049,,1,0,0,
2202.11110,TRUE_ZERO,1,2,9967055,,1,0,0,
2202.11472,TRUE_ZERO,1,2,8684014,,1,0,0,
2203.05901,TRUE_ZERO,1,1,944581,,1,0,0,
2205.00014,TRUE_ZERO,1,2,4262512,,1,0,0,
2205.04444,TRUE_ZERO,1,3,2036528,,1,0,0,
2205.05690,TRUE_ZERO,1,2,1156694,,1,0,0,
2205.06789,TRUE_ZERO,1,11,1716558,,1,0,0,
2205.08009,TRUE_ZERO,1,3,10879275,,1,0,0,
2205.08548,TRUE_ZERO,1,4,6380962,,1,0,0,
2205.13153,TRUE_ZERO,1,2,3117838,,1,0,0,
2206.00025,TRUE_ZERO,1,2,480192,,1,0,0,
2206.03074,TRUE_ZERO,1,2,1211995,,1,0,0,
2206.05388,TRUE_ZERO,1,4,877392,,1,0,0,
2206.05725,TRUE_ZERO,1,2,3135567,,1,0,0,
2206.06339,TRUE_ZERO,1,2,2726954,,1,0,0,
2206.11092,TRUE_ZERO,1,1,121532,,1,0,0,
2206.12824,TRUE_ZERO,1,2,2688429,,1,0,0,
2207.05090,TRUE_ZERO,1,2,18120645,,1,0,0,
2207.06511,TRUE_ZERO,1,2,2783313,,1,0,0,
2208.00211,TRUE_ZERO,1,2,922957,,1,0,0,
2208.01176,TRUE_ZERO,1,2,2514414,,1,0,0,
2208.04979,TRUE_ZERO,1,2,1083646,,1,0,0,
2208.06333,TRUE_ZERO,1,2,15638761,,1,0,0,
2208.06478,TRUE_ZERO,1,5,11680242,,1,0,0,
2208.08212,TRUE_ZERO,1,2,2699038,,1,0,0,
2208.12720,TRUE_ZERO,1,9,5771481,,1,0,0,
2208.14138,TRUE_ZERO,1,2,182962,,1,0,0,
2208.14551,TRUE_ZERO,1,1,1139576,,1,0,0,
2209.02352,TRUE_ZERO,1,2,4206018,,1,0,0,
2209.03279,TRUE_ZERO,1,2,5839280,,1,0,0,
2209.05845,TRUE_ZERO,1,2,1829372,,1,0,0,
2209.06810,TRUE_ZERO,1,2,3000615,,1,0,0,
2209.06873,TRUE_ZERO,1,3,38371638,,1,0,0,
2209.08259,TRUE_ZERO,1,4,10373552,,1,0,0,
2209.14319,TRUE_ZERO,1,2,1736653,,1,0,0,
2210.01937,TRUE_ZERO,1,2,16013865,,1,0,0,
2210.02086,TRUE_ZERO,1,3,207271,,1,0,0,
2210.10816,TRUE_ZERO,1,1,3284160,,1,0,0,
2210.11383,TRUE_ZERO,1,2,8876301,,1,0,0,
2210.11856,TRUE_ZERO,1,3,392232,,1,0,0,
2210.15473,TRUE_ZERO,1,24,7592107,,1,0,0,
2210.16322,TRUE_ZERO,1,1,802141,,1,0,0,
2211.01861,TRUE_ZERO,1,2,2666555,,1,0,0,
2211.06367,TRUE_ZERO,1,2,1150508,,1,0,0,
2211.10803,TRUE_ZERO,1,2,12319567,,1,0,0,
2211.12576,TRUE_ZERO,1,5,3990353,,1,0,0,
2212.03596,TRUE_ZERO,1,4,16019518,,1,0,0,
2212.06161,TRUE_ZERO,1,2,844671,,1,0,0,
2301.00822,TRUE_ZERO,1,2,8198036,,1,0,0,
2301.01370,TRUE_ZERO,1,5,7899907,,1,0,0,
2301.04232,TRUE_ZERO,1,2,38668313,,1,0,0,
2301.10581,TRUE_ZERO,1,2,3812872,,1,0,0,
2301.11061,TRUE_ZERO,1,2,13561834,,1,0,0,
2301.13470,TRUE_ZERO,1,2,3661825,,1,0,0,
2302.03455,TRUE_ZERO,1,1,4391747,,1,0,0,
2302.04138,TRUE_ZERO,1,9,1648072,,1,0,0,
2302.05479,TRUE_ZERO,1,2,8069856,,1,0,0,
2302.07714,TRUE_ZERO,1,2,6422075,,1,0,0,
2302.07880,TRUE_ZERO,1,1,2520144,,1,0,0,
2302.10024,TRUE_ZERO,1,2,16129318,,1,0,0,
2302.12778,TRUE_ZERO,1,2,486605,,1,0,0,
2303.05743,TRUE_ZERO,1,1,2201025,,1,0,0,
2303.09926,TRUE_ZERO,1,2,16118245,,1,0,0,
2303.12841,TRUE_ZERO,1,2,2511520,,1,0,0,
2303.14073,TRUE_ZERO,1,2,2428245,,1,0,0,
2303.15531,TRUE_ZERO,1,3,14208145,,1,0,0,
2303.16224,TRUE_ZERO,1,2,1065441,,1,0,0,
2303.16357,TRUE_ZERO,1,2,299701,,1,0,0,
2304.02029,TRUE_ZERO,1,3,1456301,,1,0,0,
2304.09206,TRUE_ZERO,1,2,7089009,,1,0,0,
2304.12169,TRUE_ZERO,1,2,775670,,1,0,0,
2304.14113,TRUE_ZERO,1,3,3852805,,1,0,0,
2305.00134,TRUE_ZERO,1,4,5168732,,1,0,0,
2305.02514,TRUE_ZERO,1,3,639931,,1,0,0,
2305.11823,TRUE_ZERO,1,30,5300043,,1,0,0,
2306.04311,TRUE_ZERO,1,2,513232,,1,0,0,
2306.06888,TRUE_ZERO,1,11,5861895,,1,0,0,
2306.08143,TRUE_ZERO,1,2,1991501,,1,0,0,
2306.11276,TRUE_ZERO,1,2,9084578,,1,0,0,
2306.14025,TRUE_ZERO,1,3,10878394,,1,0,0,
2306.17545,TRUE_ZERO,1,2,561611,,1,0,0,
2307.03397,TRUE_ZERO,1,5,3744680,,1,0,0,
2307.05669,TRUE_ZERO,1,2,367999,,1,0,0,
2307.08959,TRUE_ZERO,1,5,4766405,,1,0,0,
2307.10836,TRUE_ZERO,1,7,18063552,,1,0,0,
2307.13398,TRUE_ZERO,1,2,3528025,,1,0,0,
2308.09854,TRUE_ZERO,1,5,10033199,,1,0,0,
2308.14303,TRUE_ZERO,1,1,2746854,,1,0,0,
2308.15919,TRUE_ZERO,1,1,4083384,,1,0,0,
2309.01546,TRUE_ZERO,1,6,409199,,1,0,0,
2309.02488,TRUE_ZERO,1,2,21611719,,1,0,0,
2309.05524,TRUE_ZERO,1,16,16183982,,1,0,0,
2309.05618,TRUE_ZERO,1,2,13558258,,1,0,0,
2309.10096,TRUE_ZERO,1,2,1975034,,1,0,0,
2309.14605,TRUE_ZERO,1,4,7015684,,1,0,0,
2310.01293,TRUE_ZERO,1,3,559770,,1,0,0,
2310.02241,TRUE_ZERO,1,2,1165859,,1,0,0,
2310.13489,TRUE_ZERO,1,2,3736169,,1,0,0,
2310.16257,TRUE_ZERO,1,2,9799264,,1,0,0,
2310.19866,TRUE_ZERO,1,2,351955,,1,0,0,
2310.20099,TRUE_ZERO,1,2,9365009,,1,0,0,
2311.03436,TRUE_ZERO,1,2,2337115,,1,0,0,
2311.04862,TRUE_ZERO,1,2,1167094,,1,0,0,
2311.08461,TRUE_ZERO,1,2,784552,,1,0,0,
2311.11454,TRUE_ZERO,1,2,4281264,,1,0,0,
2311.12210,TRUE_ZERO,1,2,666183,,1,0,0,
2311.17145,TRUE_ZERO,1,2,2191673,,1,0,0,
2312.08423,TRUE_ZERO,1,2,2243983,,1,0,0,
2401.02484,TRUE_ZERO,1,4,2443309,,1,0,0,
2402.04946,TRUE_ZERO,1,2,614780,,1,0,0,
2402.05720,TRUE_ZERO,1,1,36478189,,1,0,0,
2402.05991,TRUE_ZERO,1,3,367358,,1,0,0,
2402.07346,TRUE_ZERO,1,2,502750,,1,0,0,
2402.07748,TRUE_ZERO,1,2,11676615,,1,0,0,
2402.09278,TRUE_ZERO,1,1,83507,,1,0,0,
2402.17384,TRUE_ZERO,1,2,1738120,,1,0,0,
2403.06240,TRUE_ZERO,1,2,3625450,,1,0,0,
2403.12129,TRUE_ZERO,1,3,1731714,,1,0,0,
2403.12219,TRUE_ZERO,1,2,12119434,,1,0,0,
2404.05327,TRUE_ZERO,1,2,3726617,,1,0,0,
2404.12523,TRUE_ZERO,1,2,1782653,,1,0,0,
2405.02423,TRUE_ZERO,1,2,6027267,,1,0,0,
2405.02863,TRUE_ZERO,1,2,692868,,1,0,0,
2405.02912,TRUE_ZERO,1,2,11740887,,1,0,0,
2405.03457,TRUE_ZERO,1,3,1333254,,1,0,0,
2405.04314,TRUE_ZERO,1,2,5095475,,1,0,0,
2406.16474,TRUE_ZERO,1,2,4679759,,1,0,0,
2406.18184,TRUE_ZERO,1,3,7812259,,1,0,0,
2406.18631,TRUE_ZERO,1,2,3897147,,1,0,0,
2406.18638,TRUE_ZERO,1,6,2491341,,1,0,0,
2407.03284,TRUE_ZERO,1,2,1847053,,1,0,0,
2407.06257,TRUE_ZERO,1,2,837759,,1,0,0,
2407.06280,TRUE_ZERO,1,4,4601994,,1,0,0,
2407.07187,TRUE_ZERO,1,2,3457004,,1,0,0,
2407.16760,TRUE_ZERO,1,2,2973647,,1,0,0,
2407.18763,TRUE_ZERO,1,2,466571,,1,0,0,
2408.00725,TRUE_ZERO,1,2,393476,,1,0,0,
2408.01411,TRUE_ZERO,1,2,7256397,,1,0,0,
2408.03985,TRUE_ZERO,1,2,1912251,,1,0,0,
2408.04697,TRUE_ZERO,1,2,843378,,1,0,0,
2408.10038,TRUE_ZERO,1,2,713884,,1,0,0,
2408.11511,TRUE_ZERO,1,2,6430847,,1,0,0,
2408.17370,TRUE_ZERO,1,2,1003843,,1,0,0,
2409.01371,TRUE_ZERO,1,3,4925900,,1,0,0,
2409.01891,TRUE_ZERO,1,2,8549770,,1,0,0,
2409.02468,TRUE_ZERO,1,2,132953,,1,0,0,
2409.09563,TRUE_ZERO,1,2,2279184,,1,0,0,
2409.10622,TRUE_ZERO,1,2,858592,,1,0,0,
2410.00114,TRUE_ZERO,1,2,4968466,,1,0,0,
2410.01625,TRUE_ZERO,1,7,15874615,,1,0,0,
2410.02737,TRUE_ZERO,1,2,5531360,,1,0,0,
2410.06247,TRUE_ZERO,1,2,617742,,1,0,0,
2410.06335,TRUE_ZERO,1,4,414818,,1,0,0,
2410.06754,TRUE_ZERO,1,2,4720275,,1,0,0,
2410.11037,TRUE_ZERO,1,2,2604958,,1,0,0,
2410.11568,TRUE_ZERO,1,2,1988945,,1,0,0,
2411.03454,TRUE_ZERO,1,2,3537553,,1,0,0,
2411.03994,TRUE_ZERO,1,2,480896,,1,0,0,
2411.09905,TRUE_ZERO,1,4,1248412,,1,0,0,
2411.17819,TRUE_ZERO,1,2,1116141,,1,0,0,
2412.05002,TRUE_ZERO,1,18,24723790,,1,0,0,
2412.07840,TRUE_ZERO,1,2,4752637,,1,0,0,
2501.03844,TRUE_ZERO,1,2,35839398,,1,0,0,
2501.13656,TRUE_ZERO,1,2,2747375,,1,0,0,
2501.17236,TRUE_ZERO,1,2,14322678,,1,0,0,
2502.01285,TRUE_ZERO,1,2,15239621,,1,0,0,
2502.12251,TRUE_ZERO,1,5,38534668,,1,0,0,
2502.17319,TRUE_ZERO,1,2,3264991,,1,0,0,
2502.17610,TRUE_ZERO,1,12,521553,,1,0,0,
2503.07241,TRUE_ZERO,1,1,123618,,1,0,0,
2503.13280,TRUE_ZERO,1,2,2515893,,1,0,0,
2503.14605,TRUE_ZERO,1,2,37643252,,1,0,0,
2503.15472,TRUE_ZERO,1,1,13464485,,1,0,0,
2503.19536,TRUE_ZERO,1,2,4510432,,1,0,0,
2503.19997,TRUE_ZERO,1,2,1542579,,1,0,0,
2504.03303,TRUE_ZERO,1,2,5123389,,1,0,0,
2504.05480,TRUE_ZERO,1,2,3044628,,1,0,0,
2504.06415,TRUE_ZERO,1,2,557815,,1,0,0,
2504.13997,TRUE_ZERO,1,2,6525198,,1,0,0,
2504.19616,TRUE_ZERO,1,2,1255727,,1,0,0,
2504.20475,TRUE_ZERO,1,2,761586,,1,0,0,
2505.01470,TRUE_ZERO,1,5,579839,,1,0,0,
2505.04106,TRUE_ZERO,1,4,31454317,,1,0,0,
2505.04398,TRUE_ZERO,1,2,3331638,,1,0,0,
2505.12895,TRUE_ZERO,1,2,831330,,1,0,0,
2506.00493,TRUE_ZERO,1,4,1952188,,1,0,0,
2506.02956,TRUE_ZERO,1,2,2325234,,1,0,0,
2506.05094,TRUE_ZERO,1,2,555409,,1,0,0,
2506.07845,TRUE_ZERO,1,8,10444021,,1,0,0,
2506.18708,TRUE_ZERO,1,2,3904470,,1,0,0,
2506.18961,TRUE_ZERO,1,2,774386,,1,0,0,
2506.22635,TRUE_ZERO,1,2,3306646,,1,0,0,
2507.01798,TRUE_ZERO,1,2,1858014,,1,0,0,
2507.08266,TRUE_ZERO,1,2,1169041,,1,0,0,
2507.14433,TRUE_ZERO,1,2,2720757,,1,0,0,
2507.15924,TRUE_ZERO,1,2,325633,,1,0,0,
2508.01596,TRUE_ZERO,1,2,202799,,1,0,0,
2508.03019,TRUE_ZERO,1,2,10213376,,1,0,0,
2508.05233,TRUE_ZERO,1,1,6334933,,1,0,0,
2508.08699,TRUE_ZERO,1,2,6731406,,1,0,0,
2508.16421,TRUE_ZERO,1,2,15096939,,1,0,0,
2508.19509,TRUE_ZERO,1,2,4111633,,1,0,0,
2509.01933,TRUE_ZERO,1,2,2016515,,1,0,0,
2509.09348,TRUE_ZERO,1,2,445397,,1,0,0,
2509.11565,TRUE_ZERO,1,7,1316385,,1,0,0,
2509.13413,TRUE_ZERO,1,2,3666980,,1,0,0,
2509.19492,TRUE_ZERO,1,2,3234498,,1,0,0,
2509.22770,TRUE_ZERO,1,2,2213365,,1,0,0,
2510.00102,TRUE_ZERO,1,2,7450678,,1,0,0,
2512.02116,TRUE_ZERO,1,4,3547602,,1,0,0,
2512.08932,TRUE_ZERO,1,1,420990,,1,0,0,
2512.10616,TRUE_ZERO,1,1,2816948,,1,0,0,
2601.05006,TRUE_ZERO,1,2,285940,,1,0,0,
2601.10099,TRUE_ZERO,1,2,108170,,1,0,0,
2601.19870,TRUE_ZERO,1,2,757263,,1,0,0,
2602.04964,TRUE_ZERO,1,1,3952257,,1,0,0,
