literature,arxiv,invokes,sites,candidate
gaia,2011.02505,1,2,0
gaia,2012.01742,1,4,0
gaia,2012.01916,0,0,0
gaia,2012.06420,0,0,0
gaia,2012.08534,0,0,0
gaia,2012.09204,1,1,0
gaia,2101.05282,1,16,0
gaia,2101.05811,1,2,0
gaia,2101.07122,1,4,0
gaia,2101.10206,1,4,0
gaia,2102.07790,0,0,0
gaia,2102.09568,1,1,0
gaia,2102.13654,1,1,0
gaia,2103.05000,0,0,0
gaia,2103.07432,0,0,0
gaia,2103.09923,1,2,0
gaia,2103.12760,1,1,0
gaia,2104.00662,1,2,0
gaia,2104.04231,0,0,0
gaia,2104.07934,0,0,0
gaia,2104.11759,1,2,0
gaia,2104.12883,0,0,0
gaia,2104.13148,1,0,1
gaia,2104.13941,1,2,0
gaia,2104.14565,1,1,0
gaia,2105.06108,0,0,0
gaia,2105.07266,0,0,0
gaia,2105.11662,0,0,0
gaia,2105.13370,1,3,0
gaia,2105.13379,0,0,0
gaia,2106.07669,1,2,0
gaia,2106.08128,1,1,0
gaia,2106.08819,1,1,0
gaia,2106.13337,1,3,0
gaia,2106.15656,0,0,0
gaia,2107.00036,1,1,0
gaia,2107.06303,1,1,0
gaia,2107.06340,0,0,0
gaia,2107.06373,1,0,1
gaia,2107.08057,1,2,0
gaia,2107.10259,1,1,0
gaia,2107.12691,1,0,1
gaia,2108.01100,0,0,0
gaia,2108.04255,0,0,0
gaia,2108.05321,1,1,0
gaia,2108.11001,0,0,0
gaia,2108.11208,0,0,0
gaia,2109.00836,1,1,0
gaia,2109.03149,0,0,0
gaia,2109.07522,0,0,0
gaia,2109.09185,1,0,1
gaia,2109.10912,1,12,0
gaia,2109.10998,0,0,0
gaia,2109.11826,0,0,0
gaia,2109.11951,1,0,1
gaia,2109.12114,1,1,0
gaia,2110.04576,1,2,0
gaia,2110.06240,0,0,0
gaia,2110.10182,0,0,0
gaia,2110.13382,1,0,1
gaia,2110.13943,1,3,0
gaia,2111.01145,1,0,1
gaia,2111.01860,1,0,1
gaia,2111.02131,0,0,0
gaia,2111.03676,1,3,0
gaia,2111.03887,1,0,1
gaia,2111.05291,1,1,0
gaia,2111.06506,0,0,0
gaia,2111.06899,0,0,0
gaia,2111.09324,1,1,0
gaia,2111.11196,1,1,0
gaia,2111.11725,1,0,1
gaia,2111.11787,0,0,0
gaia,2111.13939,1,2,0
gaia,2111.13946,1,9,0
gaia,2112.00852,1,6,0
gaia,2112.01703,1,2,0
gaia,2112.03959,1,2,0
gaia,2112.04504,0,0,0
gaia,2112.04678,0,0,0
gaia,2112.06683,1,1,0
gaia,2112.07023,1,0,1
gaia,2112.11475,0,0,0
gaia,2112.11567,0,0,0
gaia,2112.11943,1,1,0
gaia,2112.12152,1,7,0
gaia,2112.15353,1,1,0
gaia,2201.00733,1,4,0
gaia,2201.03252,0,0,0
gaia,2201.04134,0,0,0
gaia,2201.05614,1,0,1
gaia,2201.08146,0,0,0
gaia,2201.08285,0,0,0
gaia,2201.08508,0,0,0
gaia,2201.09097,1,4,0
gaia,2201.09438,1,1,0
gaia,2201.09963,1,1,0
gaia,2201.11376,0,0,0
gaia,2201.13379,1,3,0
gaia,2202.00042,1,4,0
gaia,2202.02315,0,0,0
gaia,2202.04199,1,1,0
gaia,2202.06963,1,9,0
gaia,2202.07942,0,0,0
gaia,2202.08369,1,5,0
gaia,2202.11110,0,0,0
gaia,2202.11472,0,0,0
gaia,2203.01953,1,1,0
gaia,2203.03659,1,14,0
gaia,2203.05901,0,0,0
gaia,2203.07294,1,0,1
gaia,2203.07938,1,1,0
gaia,2203.08971,0,0,0
gaia,2203.11250,1,3,0
gaia,2203.12795,1,5,0
gaia,2204.09414,1,1,0
gaia,2204.12140,1,2,0
gaia,2204.12551,1,3,0
gaia,2204.13672,1,0,1
gaia,2205.00014,0,0,0
gaia,2205.00040,1,2,0
gaia,2205.03444,1,1,0
gaia,2205.04444,0,0,0
gaia,2205.05690,0,0,0
gaia,2205.06186,1,1,0
gaia,2205.06789,0,0,0
gaia,2205.08009,0,0,0
gaia,2205.08548,0,0,0
gaia,2205.12278,1,2,0
gaia,2205.12874,0,0,0
gaia,2205.13153,0,0,0
gaia,2205.13715,1,1,0
gaia,2206.00025,0,0,0
gaia,2206.00417,1,2,0
gaia,2206.00604,1,4,0
gaia,2206.03074,0,0,0
gaia,2206.03511,1,1,0
gaia,2206.03777,1,2,0
gaia,2206.04148,1,0,1
gaia,2206.04392,1,37,0
gaia,2206.04458,1,1,0
gaia,2206.04567,1,6,0
gaia,2206.05388,0,0,0
gaia,2206.05411,1,3,0
gaia,2206.05595,1,9,0
gaia,2206.05725,0,0,0
gaia,2206.05902,1,1,0
gaia,2206.05989,1,1,0
gaia,2206.06121,1,5,0
gaia,2206.06339,0,0,0
gaia,2206.08230,1,1,0
gaia,2206.08383,1,0,1
gaia,2206.09990,1,1,0
gaia,2206.10505,1,2,0
gaia,2206.11047,1,3,0
gaia,2206.11092,0,0,0
gaia,2206.11275,1,0,1
gaia,2206.12170,1,1,0
gaia,2206.12824,0,0,0
gaia,2206.15318,1,8,0
gaia,2207.02925,1,8,0
gaia,2207.05090,0,0,0
gaia,2207.06258,1,2,0
gaia,2207.06511,0,0,0
gaia,2207.08452,1,10,0
gaia,2207.08742,1,0,1
gaia,2207.13368,1,1,0
gaia,2208.00211,0,0,0
gaia,2208.01176,0,0,0
gaia,2208.02257,1,2,0
gaia,2208.04979,0,0,0
gaia,2208.05277,1,3,0
gaia,2208.05488,0,0,0
gaia,2208.06333,0,0,0
gaia,2208.06478,0,0,0
gaia,2208.06715,1,13,0
gaia,2208.08212,0,0,0
gaia,2208.09403,1,2,0
gaia,2208.12112,1,1,0
gaia,2208.12720,0,0,0
gaia,2208.14138,0,0,0
gaia,2208.14551,0,0,0
gaia,2209.02352,0,0,0
gaia,2209.02731,1,0,1
gaia,2209.03279,0,0,0
gaia,2209.03906,1,7,0
gaia,2209.04210,1,0,1
gaia,2209.05845,0,0,0
gaia,2209.06810,0,0,0
gaia,2209.06833,1,1,0
gaia,2209.06873,0,0,0
gaia,2209.07885,1,1,0
gaia,2209.08259,0,0,0
gaia,2209.09915,1,1,0
gaia,2209.12938,1,1,0
gaia,2209.13107,1,1,0
gaia,2209.14319,0,0,0
gaia,2210.01137,1,1,0
gaia,2210.01937,0,0,0
gaia,2210.02086,0,0,0
gaia,2210.03725,1,3,0
gaia,2210.08510,1,1,0
gaia,2210.10816,0,0,0
gaia,2210.11383,0,0,0
gaia,2210.11856,0,0,0
gaia,2210.11930,1,4,0
gaia,2210.14734,1,2,0
gaia,2210.15473,0,0,0
gaia,2210.16322,0,0,0
gaia,2211.01449,1,3,0
gaia,2211.01534,1,1,0
gaia,2211.01861,0,0,0
gaia,2211.06194,0,0,0
gaia,2211.06367,0,0,0
gaia,2211.07899,1,1,0
gaia,2211.08463,1,0,1
gaia,2211.08852,1,1,0
gaia,2211.10803,0,0,0
gaia,2211.12576,0,0,0
gaia,2211.14322,1,3,0
gaia,2212.02542,1,5,0
gaia,2212.03596,0,0,0
gaia,2212.06161,0,0,0
gaia,2212.08249,1,1,0
gaia,2212.11971,1,0,1
gaia,2301.00822,0,0,0
gaia,2301.01370,0,0,0
gaia,2301.01722,1,2,0
gaia,2301.03777,1,4,0
gaia,2301.04232,0,0,0
gaia,2301.05018,1,1,0
gaia,2301.10581,0,0,0
gaia,2301.11061,0,0,0
gaia,2301.12109,1,1,0
gaia,2301.13470,0,0,0
gaia,2302.00053,1,1,0
gaia,2302.02611,1,0,1
gaia,2302.02802,0,0,0
gaia,2302.03455,0,0,0
gaia,2302.04138,0,0,0
gaia,2302.04348,1,4,0
gaia,2302.05479,0,0,0
gaia,2302.07714,0,0,0
gaia,2302.07880,0,0,0
gaia,2302.10024,0,0,0
gaia,2302.12778,0,0,0
gaia,2303.05743,0,0,0
gaia,2303.09926,0,0,0
gaia,2303.12841,0,0,0
gaia,2303.14073,0,0,0
gaia,2303.15253,1,1,0
gaia,2303.15531,0,0,0
gaia,2303.16224,0,0,0
gaia,2303.16357,0,0,0
gaia,2303.17424,1,2,0
gaia,2304.00226,1,1,0
gaia,2304.01671,1,11,0
gaia,2304.02029,0,0,0
gaia,2304.02209,1,1,0
gaia,2304.07158,1,0,1
gaia,2304.07322,1,10,0
gaia,2304.08370,1,5,0
gaia,2304.09206,0,0,0
gaia,2304.11980,1,2,0
gaia,2304.12169,0,0,0
gaia,2304.12490,1,0,1
gaia,2304.13951,0,0,0
gaia,2304.14113,0,0,0
gaia,2305.00134,0,0,0
gaia,2305.02514,0,0,0
gaia,2305.03557,1,0,1
gaia,2305.04613,1,1,0
gaia,2305.09215,1,2,0
gaia,2305.09414,1,1,0
gaia,2305.10269,1,0,1
gaia,2305.11823,0,0,0
gaia,2305.16495,1,1,0
gaia,2305.17755,1,1,0
gaia,2305.18147,1,1,0
gaia,2305.19319,1,1,0
gaia,2306.03140,1,0,1
gaia,2306.03357,1,1,0
gaia,2306.04311,0,0,0
gaia,2306.06888,0,0,0
gaia,2306.08143,0,0,0
gaia,2306.08179,1,1,0
gaia,2306.11276,0,0,0
gaia,2306.13130,1,0,1
gaia,2306.13132,1,1,0
gaia,2306.14025,0,0,0
gaia,2306.17545,0,0,0
gaia,2307.01337,1,4,0
gaia,2307.01688,1,1,0
gaia,2307.03397,0,0,0
gaia,2307.05421,1,0,1
gaia,2307.05669,0,0,0
gaia,2307.08959,0,0,0
gaia,2307.10836,0,0,0
gaia,2307.13398,0,0,0
gaia,2307.13719,1,3,0
gaia,2308.00104,1,11,0
gaia,2308.05613,1,1,0
gaia,2308.08584,1,4,0
gaia,2308.09854,0,0,0
gaia,2308.12330,1,2,0
gaia,2308.12489,1,1,0
gaia,2308.13039,1,2,0
gaia,2308.14303,0,0,0
gaia,2308.15919,0,0,0
gaia,2309.01546,0,0,0
gaia,2309.02488,0,0,0
gaia,2309.05524,0,0,0
gaia,2309.05618,0,0,0
gaia,2309.10096,0,0,0
gaia,2309.10148,1,7,0
gaia,2309.10404,1,2,0
gaia,2309.10862,1,3,0
gaia,2309.11390,1,2,0
gaia,2309.13453,1,0,1
gaia,2309.14605,0,0,0
gaia,2309.15905,1,1,0
gaia,2310.01293,0,0,0
gaia,2310.02241,0,0,0
gaia,2310.02256,1,0,1
gaia,2310.03654,1,4,0
gaia,2310.05653,1,1,0
gaia,2310.06295,1,0,1
gaia,2310.08890,1,1,0
gaia,2310.13489,0,0,0
gaia,2310.15671,1,0,1
gaia,2310.16257,0,0,0
gaia,2310.19866,0,0,0
gaia,2310.20099,0,0,0
gaia,2310.20176,1,2,0
gaia,2311.01827,1,2,0
gaia,2311.03199,1,1,0
gaia,2311.03436,0,0,0
gaia,2311.04862,0,0,0
gaia,2311.08358,1,1,0
gaia,2311.08461,0,0,0
gaia,2311.08489,1,6,0
gaia,2311.08801,1,1,0
gaia,2311.11454,0,0,0
gaia,2311.12210,0,0,0
gaia,2311.17145,0,0,0
gaia,2312.02260,0,0,0
gaia,2312.02735,1,2,0
gaia,2312.03162,1,0,1
gaia,2312.05301,1,1,0
gaia,2312.06776,1,1,0
gaia,2312.08423,0,0,0
gaia,2312.10158,1,0,1
gaia,2312.11124,1,3,0
gaia,2312.11664,1,2,0
gaia,2312.12827,1,0,1
gaia,2401.02484,0,0,0
gaia,2401.03959,1,2,0
gaia,2401.04173,1,3,0
gaia,2401.05630,1,1,0
gaia,2401.08546,1,1,0
gaia,2402.04919,1,1,0
gaia,2402.04946,0,0,0
gaia,2402.05720,0,0,0
gaia,2402.05991,0,0,0
gaia,2402.07346,0,0,0
gaia,2402.07748,0,0,0
gaia,2402.09278,0,0,0
gaia,2402.13223,1,1,0
gaia,2402.14960,1,0,1
gaia,2402.15101,1,1,0
gaia,2402.15438,1,5,0
gaia,2402.17384,0,0,0
gaia,2403.03261,1,2,0
gaia,2403.04592,1,12,0
gaia,2403.04606,1,4,0
gaia,2403.06240,0,0,0
gaia,2403.12129,0,0,0
gaia,2403.12146,1,3,0
gaia,2403.12219,0,0,0
gaia,2404.02976,1,0,1
gaia,2404.05327,0,0,0
gaia,2404.08234,1,5,0
gaia,2404.11022,1,2,0
gaia,2404.12523,0,0,0
gaia,2404.14127,1,7,0
gaia,2404.18099,1,0,1
gaia,2404.19676,1,1,0
gaia,2405.00780,0,0,0
gaia,2405.02423,0,0,0
gaia,2405.02863,0,0,0
gaia,2405.02912,0,0,0
gaia,2405.03457,0,0,0
gaia,2405.04314,0,0,0
gaia,2405.10379,1,1,0
gaia,2405.13395,1,0,1
gaia,2406.04288,1,3,0
gaia,2406.07196,1,3,0
gaia,2406.11593,1,0,1
gaia,2406.16474,0,0,0
gaia,2406.18184,0,0,0
gaia,2406.18631,0,0,0
gaia,2406.18638,0,0,0
gaia,2406.18767,1,0,1
gaia,2407.01037,1,1,0
gaia,2407.02594,1,0,1
gaia,2407.03284,0,0,0
gaia,2407.04765,1,1,0
gaia,2407.06257,0,0,0
gaia,2407.06280,0,0,0
gaia,2407.07187,0,0,0
gaia,2407.10823,1,4,0
gaia,2407.12583,1,1,0
gaia,2407.16760,0,0,0
gaia,2407.18763,0,0,0
gaia,2407.18828,1,1,0
gaia,2407.19219,1,0,1
gaia,2407.20949,1,0,1
gaia,2408.00725,0,0,0
gaia,2408.01411,0,0,0
gaia,2408.03985,0,0,0
gaia,2408.04697,0,0,0
gaia,2408.05423,1,3,0
gaia,2408.10038,0,0,0
gaia,2408.11511,0,0,0
gaia,2408.14694,1,0,1
gaia,2408.17370,0,0,0
gaia,2409.01371,0,0,0
gaia,2409.01891,0,0,0
gaia,2409.02468,0,0,0
gaia,2409.04524,1,1,0
gaia,2409.09563,0,0,0
gaia,2409.10622,0,0,0
gaia,2409.16992,1,19,0
gaia,2409.16993,1,14,0
gaia,2410.00114,0,0,0
gaia,2410.01625,0,0,0
gaia,2410.02737,0,0,0
gaia,2410.05654,1,0,1
gaia,2410.05974,1,1,0
gaia,2410.06247,0,0,0
gaia,2410.06335,0,0,0
gaia,2410.06754,0,0,0
gaia,2410.11037,0,0,0
gaia,2410.11568,0,0,0
gaia,2410.14372,1,5,0
gaia,2410.20194,1,2,0
gaia,2411.00088,1,9,0
gaia,2411.03454,0,0,0
gaia,2411.03994,0,0,0
gaia,2411.09905,0,0,0
gaia,2411.17819,0,0,0
gaia,2412.05002,0,0,0
gaia,2412.07840,0,0,0
gaia,2412.08333,1,2,0
gaia,2412.08465,1,9,0
gaia,2501.02587,1,2,0
gaia,2501.03844,0,0,0
gaia,2501.06295,1,4,0
gaia,2501.08486,1,6,0
gaia,2501.13656,0,0,0
gaia,2501.13809,1,2,0
gaia,2501.14025,0,0,0
gaia,2501.14462,1,15,0
gaia,2501.14494,1,3,0
gaia,2501.14955,1,1,0
gaia,2501.16554,1,1,0
gaia,2501.17236,0,0,0
gaia,2501.18719,1,4,0
gaia,2502.01285,0,0,0
gaia,2502.01910,1,3,0
gaia,2502.08068,1,3,0
gaia,2502.09373,1,15,0
gaia,2502.12251,0,0,0
gaia,2502.17319,0,0,0
gaia,2502.17610,0,0,0
gaia,2503.02657,1,1,0
gaia,2503.05160,1,1,0
gaia,2503.07241,0,0,0
gaia,2503.08286,1,2,0
gaia,2503.08583,1,1,0
gaia,2503.13280,0,0,0
gaia,2503.14605,0,0,0
gaia,2503.15472,0,0,0
gaia,2503.19536,0,0,0
gaia,2503.19997,0,0,0
gaia,2504.03303,0,0,0
gaia,2504.05480,0,0,0
gaia,2504.06362,1,1,0
gaia,2504.06415,0,0,0
gaia,2504.06973,1,1,0
gaia,2504.07569,1,6,0
gaia,2504.11528,1,29,0
gaia,2504.13997,0,0,0
gaia,2504.19616,0,0,0
gaia,2504.19866,1,0,1
gaia,2504.20475,0,0,0
gaia,2505.01470,0,0,0
gaia,2505.03085,1,1,0
gaia,2505.03716,1,1,0
gaia,2505.04106,0,0,0
gaia,2505.04398,0,0,0
gaia,2505.10123,1,1,0
gaia,2505.12563,1,6,0
gaia,2505.12895,0,0,0
gaia,2505.12945,1,0,1
gaia,2506.00493,0,0,0
gaia,2506.02763,1,1,0
gaia,2506.02956,0,0,0
gaia,2506.05094,0,0,0
gaia,2506.07499,1,3,0
gaia,2506.07845,0,0,0
gaia,2506.16513,1,1,0
gaia,2506.17861,1,0,1
gaia,2506.18708,0,0,0
gaia,2506.18961,0,0,0
gaia,2506.19933,1,1,0
gaia,2506.21768,1,2,0
gaia,2506.22399,1,5,0
gaia,2506.22635,0,0,0
gaia,2507.01798,0,0,0
gaia,2507.01855,1,1,0
gaia,2507.08266,0,0,0
gaia,2507.09622,1,0,1
gaia,2507.13177,1,11,0
gaia,2507.13783,1,4,0
gaia,2507.14433,0,0,0
gaia,2507.15924,0,0,0
gaia,2507.15936,1,1,0
gaia,2507.19273,1,1,0
gaia,2508.01127,1,2,0
gaia,2508.01596,0,0,0
gaia,2508.03019,0,0,0
gaia,2508.05233,0,0,0
gaia,2508.08364,1,3,0
gaia,2508.08374,1,0,1
gaia,2508.08699,0,0,0
gaia,2508.09845,1,1,0
gaia,2508.14875,1,1,0
gaia,2508.16421,0,0,0
gaia,2508.16717,1,0,1
gaia,2508.19509,0,0,0
gaia,2509.01933,0,0,0
gaia,2509.03361,1,1,0
gaia,2509.04555,0,0,0
gaia,2509.09348,0,0,0
gaia,2509.11565,0,0,0
gaia,2509.13412,1,4,0
gaia,2509.13413,0,0,0
gaia,2509.19492,0,0,0
gaia,2509.21643,0,0,0
gaia,2509.22770,0,0,0
gaia,2509.26132,0,0,0
gaia,2510.00102,0,0,0
gaia,2510.02509,1,0,1
gaia,2510.08390,1,1,0
gaia,2510.13288,1,1,0
gaia,2510.14927,1,2,0
gaia,2510.18343,1,0,1
gaia,2510.19810,1,2,0
gaia,2511.02539,1,1,0
gaia,2511.04673,1,2,0
gaia,2511.07554,1,2,0
gaia,2511.15610,1,2,0
gaia,2511.20923,1,1,0
gaia,2511.23368,1,2,0
gaia,2512.02116,0,0,0
gaia,2512.02135,1,0,1
gaia,2512.08932,0,0,0
gaia,2512.10616,0,0,0
gaia,2512.25002,1,1,0
gaia,2601.02054,1,1,0
gaia,2601.02250,1,0,1
gaia,2601.03810,1,0,1
gaia,2601.05006,0,0,0
gaia,2601.05387,1,5,0
gaia,2601.07184,1,0,1
gaia,2601.09671,1,4,0
gaia,2601.10099,0,0,0
gaia,2601.11191,1,1,0
gaia,2601.14367,1,1,0
gaia,2601.19870,0,0,0
gaia,2602.02910,1,2,0
gaia,2602.04661,1,1,0
gaia,2602.04964,0,0,0
gaia,2602.20096,1,7,0
gaia,2603.00229,1,2,0
gaia,2603.02327,1,1,0
gaia,2603.10481,0,0,0
gaia,2603.11994,1,0,1
gaia,2603.25787,1,1,0
mcmc,2607.24378v1,0,0,0
mcmc,2607.24055v1,0,0,0
mcmc,2607.22989v1,0,0,0
mcmc,2607.22449v1,0,0,0
mcmc,2607.18030v1,0,0,0
mcmc,2607.15499v1,1,2,0
mcmc,2607.11631v1,0,0,0
mcmc,2607.07188v1,0,0,0
mcmc,2607.05579v1,0,0,0
mcmc,2606.30018v1,0,0,0
mcmc,2606.29205v1,0,0,0
mcmc,2606.25983v1,0,0,0
mcmc,2606.25603v1,0,0,0
mcmc,2606.24427v1,0,0,0
mcmc,2606.22615v1,0,0,0
mcmc,2606.19540v1,0,0,0
mcmc,2606.15725v1,0,0,0
mcmc,2606.07981v1,1,16,0
mcmc,2606.14743v1,0,0,0
mcmc,2606.03033v1,1,0,1
mcmc,2606.02874v1,0,0,0
mcmc,2606.00783v1,1,2,0
mcmc,2605.30722v2,1,0,1
mcmc,2605.30674v1,0,0,0
mcmc,2605.30532v1,1,1,0
mcmc,2605.29180v1,1,3,0
mcmc,2605.25079v1,0,0,0
mcmc,2605.23631v1,0,0,0
mcmc,2605.21782v1,1,0,1
mcmc,2605.18476v2,1,8,0
mcmc,2605.15847v1,0,0,0
mcmc,2605.13397v2,0,0,0
mcmc,2605.12807v1,0,0,0
mcmc,2605.10914v1,0,0,0
mcmc,2605.09880v1,0,0,0
mcmc,2605.09506v1,0,0,0
mcmc,2605.03266v1,0,0,0
mcmc,2605.01603v1,0,0,0
mcmc,2605.01198v1,0,0,0
mcmc,2604.27603v1,0,0,0
mcmc,2604.25410v1,0,0,0
mcmc,2604.21009v1,0,0,0
mcmc,2604.20052v2,0,0,0
mcmc,2604.10863v1,0,0,0
mcmc,2604.09832v2,0,0,0
mcmc,2604.02304v1,1,0,1
mcmc,2604.02116v1,0,0,0
mcmc,2604.00671v2,0,0,0
mcmc,2603.27276v1,0,0,0
mcmc,2603.12299v2,1,1,0
mcmc,2603.07247v1,0,0,0
mcmc,2603.05817v1,0,0,0
mcmc,2603.04003v1,1,7,0
mcmc,2603.02467v2,0,0,0
mcmc,2602.22358v1,0,0,0
mcmc,2602.20448v3,0,0,0
mcmc,2602.14692v1,0,0,0
mcmc,2602.14616v2,1,0,1
mcmc,2602.11325v2,0,0,0
mcmc,2602.10714v2,0,0,0
mcmc,2602.06568v2,0,0,0
mcmc,2602.04554v1,0,0,0
mcmc,2602.00512v1,0,0,0
mcmc,2601.22999v1,0,0,0
mcmc,2601.22911v2,1,0,1
mcmc,2601.21765v2,0,0,0
mcmc,2601.19722v1,0,0,0
mcmc,2601.16696v1,1,0,1
mcmc,2601.16585v2,0,0,0
mcmc,2601.12515v1,0,0,0
mcmc,2601.11066v1,0,0,0
mcmc,2601.09007v1,1,0,1
mcmc,2601.05859v1,1,3,0
mcmc,2601.03532v2,0,0,0
mcmc,2512.18255v1,0,0,0
mcmc,2512.17868v1,0,0,0
mcmc,2512.12748v1,0,0,0
mcmc,2512.11475v2,0,0,0
mcmc,2512.08173v1,1,0,1
mcmc,2512.00895v2,0,0,0
mcmc,2512.00220v2,0,0,0
mcmc,2511.21563v1,0,0,0
mcmc,2511.21553v1,1,1,0
mcmc,2511.19628v2,1,1,0
mcmc,2511.17117v5,0,0,0
mcmc,2511.08124v1,0,0,0
mcmc,2511.07736v1,0,0,0
mcmc,2511.06967v2,0,0,0
mcmc,2511.04975v4,0,0,0
mcmc,2510.22252v1,1,0,1
mcmc,2510.20947v1,1,5,0
mcmc,2510.19133v2,0,0,0
mcmc,2510.13233v2,0,0,0
mcmc,2510.12917v1,0,0,0
mcmc,2510.10034v2,0,0,0
mcmc,2510.07559v3,0,0,0
mcmc,2510.03587v2,1,0,1
mcmc,2510.03226v1,0,0,0
mcmc,2510.01016v1,1,1,0
mcmc,2509.26385v2,0,0,0
mcmc,2509.24820v1,0,0,0
mcmc,2509.17980v1,0,0,0
mcmc,2509.16062v1,0,0,0
mcmc,2509.15164v1,0,0,0
mcmc,2509.11781v1,0,0,0
mcmc,2509.08102v1,0,0,0
mcmc,2509.08020v1,0,0,0
mcmc,2509.02772v2,1,0,1
mcmc,2509.00941v1,0,0,0
mcmc,2509.00753v1,0,0,0
mcmc,2509.00562v1,0,0,0
mcmc,2508.18413v2,1,0,1
mcmc,2508.16556v1,1,0,1
mcmc,2508.15069v2,0,0,0
mcmc,2508.11982v1,0,0,0
mcmc,2508.09758v1,0,0,0
mcmc,2507.18404v2,0,0,0
mcmc,2507.17065v1,0,0,0
mcmc,2608.03775v1,0,0,0
mcmc,2608.03566v1,1,2,0
mcmc,2608.02923v1,0,0,0
mcmc,2607.29093v1,0,0,0
mcmc,2607.28585v1,0,0,0
mcmc,2607.28500v1,1,1,0
mcmc,2607.27678v1,0,0,0
mcmc,2607.26949v1,1,3,0
mcmc,2607.26297v1,0,0,0
mcmc,2607.26185v1,0,0,0
mcmc,2607.25382v1,0,0,0
mcmc,2607.25257v1,0,0,0
mcmc,2607.24084v1,0,0,0
mcmc,2607.23294v1,0,0,0
mcmc,2607.21847v1,1,1,0
mcmc,2607.21114v1,0,0,0
mcmc,2607.21044v1,0,0,0
mcmc,2607.19734v1,0,0,0
mcmc,2607.19498v1,1,0,1
mcmc,2607.19493v1,0,0,0
mcmc,2607.18009v1,0,0,0
mcmc,2607.17908v1,1,1,0
mcmc,2607.16081v1,1,1,0
mcmc,2607.14860v1,1,0,1
mcmc,2607.13185v1,1,2,0
mcmc,2607.11558v1,0,0,0
mcmc,2607.07917v1,0,0,0
mcmc,2607.07609v1,0,0,0
mcmc,2607.06905v1,0,0,0
mcmc,2607.06805v1,1,1,0
mcmc,2607.06284v1,0,0,0
mcmc,2607.05887v1,1,1,0
mcmc,2607.04205v1,0,0,0
mcmc,2607.02786v1,0,0,0
mcmc,2607.01476v1,0,0,0
mcmc,2607.00907v1,0,0,0
mcmc,2607.00722v1,0,0,0
mcmc,2606.31964v1,0,0,0
mcmc,2606.31022v1,1,0,1
mcmc,2606.30999v1,0,0,0
mcmc,2606.30992v1,0,0,0
mcmc,2606.29448v1,0,0,0
mcmc,2606.29402v1,0,0,0
mcmc,2606.28522v1,0,0,0
mcmc,2606.24652v1,1,0,1
mcmc,2606.24367v1,0,0,0
mcmc,2606.23358v1,1,0,1
mcmc,2606.23326v1,0,0,0
mcmc,2606.23146v1,1,1,0
mcmc,2606.22601v1,1,1,0
mcmc,2606.20341v1,0,0,0
mcmc,2606.19044v1,1,1,0
mcmc,2606.18809v1,1,1,0
mcmc,2606.18806v1,1,0,1
mcmc,2606.18567v1,0,0,0
mcmc,2606.17790v1,0,0,0
mcmc,2606.17717v1,0,0,0
mcmc,2606.17343v2,0,0,0
mcmc,2606.17267v1,0,0,0
mcmc,2606.16677v1,0,0,0
mcmc,2606.16224v1,0,0,0
mcmc,2606.15525v1,1,3,0
mcmc,2606.14902v1,1,0,1
mcmc,2606.13305v1,0,0,0
mcmc,2606.13019v2,0,0,0
mcmc,2606.11405v1,0,0,0
mcmc,2606.10772v1,0,0,0
mcmc,2606.10256v1,0,0,0
mcmc,2606.09307v1,0,0,0
mcmc,2606.08660v2,0,0,0
mcmc,2606.08642v2,1,5,0
mcmc,2606.07947v1,1,0,1
mcmc,2606.07677v1,0,0,0
mcmc,2606.06173v1,0,0,0
mcmc,2606.03961v1,0,0,0
mcmc,2606.02410v1,0,0,0
mcmc,2606.02017v1,0,0,0
mcmc,2606.01428v1,0,0,0
mcmc,2605.31511v1,0,0,0
mcmc,2605.31394v1,0,0,0
mcmc,2605.30775v2,1,1,0
mcmc,2605.29193v1,1,0,1
mcmc,2605.28212v1,0,0,0
mcmc,2605.27889v2,1,0,1
mcmc,2605.27720v1,0,0,0
mcmc,2605.27184v1,0,0,0
mcmc,2605.26843v1,0,0,0
mcmc,2605.25043v1,0,0,0
mcmc,2605.23858v1,0,0,0
mcmc,2605.23692v1,0,0,0
mcmc,2605.23048v1,1,0,1
mcmc,2605.20692v1,1,3,0
mcmc,2605.20400v1,1,6,0
mcmc,2605.20143v2,0,0,0
mcmc,2605.17518v1,0,0,0
mcmc,2605.16804v1,0,0,0
mcmc,2605.15291v1,0,0,0
mcmc,2605.14565v2,1,0,1
mcmc,2605.13660v2,0,0,0
mcmc,2605.12901v1,1,0,1
mcmc,2605.09064v1,1,0,1
mcmc,2605.07300v1,0,0,0
mcmc,2605.06742v1,0,0,0
mcmc,2605.06333v1,0,0,0
cv,2608.06205v1,1,0,1
cv,2608.05858v1,1,2,0
cv,2608.04865v1,1,3,0
cv,2608.04833v1,0,0,0
cv,2608.04766v1,1,0,1
cv,2608.04750v1,0,0,0
cv,2608.04394v1,1,0,1
cv,2608.03490v1,1,0,1
cv,2608.03385v1,1,1,0
cv,2608.03370v1,1,1,0
cv,2608.03136v1,1,0,1
cv,2608.03106v1,1,0,1
cv,2608.02495v1,1,2,0
cv,2608.02177v1,0,0,0
cv,2608.02137v1,1,0,1
cv,2608.02092v1,0,0,0
cv,2608.01906v1,1,1,0
cv,2608.01348v2,1,0,1
cv,2608.01302v1,1,2,0
cv,2608.00508v1,1,2,0
cv,2608.00137v1,0,0,0
cv,2607.29222v1,1,0,1
cv,2607.28589v1,0,0,0
cv,2607.28007v1,1,1,0
cv,2607.27843v1,1,0,1
cv,2607.27058v1,1,1,0
cv,2607.25736v1,1,0,1
cv,2607.25455v1,1,0,1
cv,2607.25392v1,1,0,1
cv,2607.25239v1,1,2,0
cv,2607.23981v1,1,0,1
cv,2607.23576v1,1,2,0
cv,2607.21577v1,1,0,1
cv,2607.21032v1,1,0,1
cv,2607.20947v1,1,12,0
cv,2607.20263v1,1,4,0
cv,2607.20238v1,1,0,1
cv,2607.19942v2,1,0,1
cv,2607.19036v1,1,1,0
cv,2607.18779v1,1,0,1
cv,2607.18700v1,1,1,0
cv,2607.17340v1,1,0,1
cv,2607.16671v1,1,1,0
cv,2607.16351v1,1,1,0
cv,2607.15041v1,1,1,0
cv,2607.14560v1,1,1,0
cv,2607.13891v1,1,2,0
cv,2607.13452v1,1,3,0
cv,2607.12959v1,1,4,0
cv,2607.12874v1,1,0,1
cv,2607.12681v1,0,0,0
cv,2607.12419v1,0,0,0
cv,2607.12284v1,1,0,1
cv,2607.11732v1,1,0,1
cv,2607.10949v2,1,0,1
cv,2607.10749v1,0,0,0
cv,2607.10575v1,1,0,1
cv,2607.10098v1,0,0,0
cv,2607.09654v1,0,0,0
cv,2607.09583v1,1,0,1
cv,2607.09115v2,1,0,1
cv,2607.09078v1,0,0,0
cv,2607.08541v1,1,0,1
cv,2607.08191v1,1,1,0
cv,2607.08076v1,1,0,1
cv,2607.08004v1,1,1,0
cv,2607.07192v1,1,1,0
cv,2607.05978v1,1,4,0
cv,2607.05649v1,1,4,0
cv,2607.05176v2,1,0,1
cv,2607.05148v2,1,0,1
cv,2607.06592v1,1,0,1
cv,2607.05467v1,1,0,1
cv,2607.04587v1,1,1,0
cv,2607.04330v1,1,1,0
cv,2607.04125v1,0,0,0
cv,2607.03915v2,1,1,0
cv,2607.03795v1,1,3,0
cv,2607.03696v1,1,0,1
cv,2607.03589v2,1,0,1
cv,2607.03004v1,0,0,0
cv,2607.02724v1,1,0,1
cv,2607.02636v1,1,5,0
cv,2607.02074v1,1,0,1
cv,2607.02005v1,0,0,0
cv,2607.01983v1,1,2,0
cv,2607.01827v1,1,7,0
cv,2607.01825v1,0,0,0
cv,2607.01759v1,1,7,0
cv,2607.00816v1,0,0,0
cv,2607.00747v1,1,0,1
cv,2607.00746v1,1,0,1
cv,2607.00357v1,1,0,1
cv,2607.00338v1,1,1,0
cv,2607.00129v1,1,0,1
cv,2606.31834v1,1,0,1
cv,2606.31496v1,1,0,1
cv,2606.31373v1,1,1,0
cv,2606.31157v1,1,1,0
cv,2606.31096v1,0,0,0
cv,2606.31029v1,1,0,1
cv,2606.31015v1,1,1,0
cv,2606.30875v1,1,4,0
cv,2606.30795v1,1,1,0
cv,2606.30471v1,0,0,0
cv,2606.30179v1,1,0,1
cv,2606.30049v1,0,0,0
cv,2606.29136v1,1,0,1
cv,2606.29029v1,1,0,1
cv,2606.28792v1,0,0,0
cv,2606.26849v1,1,0,1
cv,2606.26743v2,1,2,0
cv,2606.26615v2,1,0,1
cv,2606.28405v1,1,0,1
cv,2606.25784v1,0,0,0
cv,2606.25732v1,1,0,1
cv,2606.25652v1,1,0,1
cv,2606.25318v1,0,0,0
cv,2606.25312v2,1,1,0
cv,2608.05356v1,1,9,0
cv,2608.05226v1,0,0,0
cv,2608.04423v1,1,0,1
cv,2608.03264v1,1,0,1
cv,2608.02980v1,1,0,1
cv,2607.27585v1,1,0,1
cv,2607.26232v1,1,0,1
cv,2607.25570v2,0,0,0
cv,2607.24598v1,1,0,1
cv,2607.20748v1,1,0,1
cv,2607.17938v1,1,0,1
cv,2607.17778v1,1,1,0
cv,2607.17754v1,1,0,1
cv,2607.12231v1,1,0,1
cv,2607.08201v1,1,0,1
cv,2607.08075v2,1,0,1
cv,2607.05311v1,1,2,0
cv,2607.03810v1,1,1,0
cv,2607.02371v1,1,1,0
cv,2607.01708v1,1,2,0
cv,2607.00124v1,1,0,1
cv,2606.29513v1,1,0,1
cv,2606.27491v1,1,3,0
cv,2606.26295v1,1,0,1
cv,2606.28398v1,1,0,1
cv,2606.25324v1,1,1,0
cv,2606.22702v1,1,0,1
cv,2606.22439v1,1,0,1
cv,2606.21594v1,1,1,0
cv,2606.20140v2,1,0,1
cv,2606.18894v1,0,0,0
cv,2606.16414v1,1,0,1
cv,2606.15427v1,1,0,1
cv,2606.14389v1,1,0,1
cv,2606.12826v1,1,0,1
cv,2606.12371v1,1,0,1
cv,2606.10769v1,1,1,0
cv,2606.10107v1,1,1,0
cv,2606.08206v2,1,2,0
cv,2606.08014v1,1,2,0
cv,2606.08002v1,1,0,1
cv,2606.07394v1,1,1,0
cv,2606.03875v1,1,0,1
cv,2606.03748v1,1,1,0
cv,2606.02724v1,1,0,1
cv,2606.01947v1,1,0,1
cv,2606.01549v1,1,1,0
cv,2605.31284v1,1,1,0
cv,2605.29505v1,1,1,0
cv,2605.29429v2,1,1,0
cv,2605.28261v1,0,0,0
cv,2605.26682v1,1,0,1
cv,2605.26370v1,1,5,0
cv,2605.26102v2,1,0,1
cv,2605.26095v2,1,4,0
cv,2605.24533v1,1,0,1
cv,2605.23656v1,1,0,1
cv,2605.23472v1,1,0,1
cv,2605.20436v2,1,25,0
cv,2605.19213v1,1,0,1
cv,2605.18413v2,1,0,1
cv,2605.17952v1,0,0,0
cv,2605.15673v1,1,3,0
cv,2605.13152v1,1,2,0
cv,2605.11300v1,1,0,1
cv,2605.17584v1,1,4,0
cv,2605.09936v1,1,2,0
cv,2605.08925v2,1,0,1
cv,2605.07415v2,1,3,0
cv,2605.05616v1,1,0,1
cv,2605.04728v1,1,0,1
cv,2605.04506v2,1,0,1
cv,2605.03784v1,0,0,0
cv,2605.03614v1,1,0,1
cv,2605.03144v1,1,0,1
cv,2604.24718v1,1,2,0
cv,2604.21313v1,1,2,0
cv,2604.20395v2,1,8,0
cv,2604.19609v1,1,0,1
cv,2604.22838v1,1,0,1
cv,2604.18957v1,1,0,1
cv,2604.18549v1,1,0,1
cv,2604.17920v1,1,4,0
cv,2604.17856v1,1,1,0
cv,2604.17231v1,0,0,0
cv,2604.14720v1,1,0,1
cv,2604.12318v1,0,0,0
cv,2604.10609v1,1,1,0
cv,2604.10385v3,0,0,0
cv,2604.09421v1,1,0,1
cv,2604.19798v1,1,0,1
cv,2604.08916v1,1,1,0
cv,2604.05347v1,1,0,1
cv,2604.03841v1,0,0,0
cv,2604.02188v1,1,0,1
cv,2604.02032v1,1,2,0
cv,2604.01907v2,1,0,1
cv,2604.01742v1,1,0,1
cv,2604.01678v1,1,0,1
cv,2603.28297v1,1,4,0
cv,2603.28027v1,1,0,1
cv,2603.27993v1,1,0,1
cv,2603.26638v1,1,0,1
cv,2603.26541v1,1,1,0
cv,2603.25993v1,1,2,0
cv,2603.25524v1,1,0,1
cv,2603.25165v2,1,0,1
cv,2603.21206v1,1,0,1
cv,2603.20074v1,1,1,0
cv,2603.19926v1,1,1,0
cv,2603.19802v2,0,0,0
cv,2603.19609v2,1,0,1
cv,2603.18739v3,1,0,1
cv,2603.18671v1,0,0,0
cv,2603.17845v1,1,0,1
cv,2603.16241v1,1,2,0
cv,2603.14309v1,1,0,1
cv,2603.13961v2,1,0,1
cv,2603.12759v1,1,1,0
cv,2603.12624v1,1,1,0
cv,2603.10825v1,1,0,1
