arxiv,state,mentioned,sites,values,targets,flag_cite_penoyre,flag_cite_paper_i_id,flag_prov,flag_prov_release,flag_hedge,flag_on_ruwe,flag_on_uwe
2011.02505,measured,1,2,1.4,lindegren,0,0,0,0,0,1,0
2012.01742,measured,1,4,1.4|2,none|other,0,0,0,1,0,1,0
2012.01916,measured,0,0,,,0,0,0,0,0,0,0
2012.06420,measured,0,0,,,0,0,0,0,0,0,0
2012.08534,measured,0,0,,,0,0,0,0,0,0,0
2012.09204,measured,1,1,1.3,lindegren,0,0,0,0,0,1,0
2101.05282,measured,1,17,1.4,belokurov|gaia_generic|lindegren|none,0,0,0,1,0,1,0
2101.05811,measured,1,2,1.4,lindegren|other,0,0,0,0,1,1,0
2101.07122,measured,1,4,1.2|1.4|3.9,lindegren|none|other,0,0,0,0,0,1,0
2101.10206,measured,1,5,1|1.4,none|other,0,0,0,1,0,1,0
2102.07790,measured,0,0,,,0,0,0,0,0,0,0
2102.09568,measured,1,1,1.15,fabricius,0,0,0,0,1,1,0
2102.13654,measured,1,1,1.4,lindegren,0,0,0,0,0,1,0
2103.05000,measured,0,0,,,0,0,0,0,0,0,0
2103.07432,measured,0,0,,,0,0,0,0,0,0,0
2103.09923,measured,1,2,1.29|1.4,fabricius,0,0,0,1,0,1,0
2103.12760,measured,1,1,1.7,gaia_generic,0,0,0,0,0,1,0
2104.00662,measured,1,2,1.4,lindegren,0,0,0,1,0,1,0
2104.04231,measured,0,0,,,0,0,0,0,0,0,0
2104.07934,measured,0,0,,,0,0,0,0,0,0,0
2104.11759,measured,1,2,1.4|3,lindegren,0,0,0,1,0,1,0
2104.12883,measured,0,0,,,0,0,0,0,0,0,0
2104.13148,measured,1,1,1.4,other,0,0,0,1,0,1,0
2104.13941,measured,1,2,1.17|2.05,gaia_generic,0,0,0,1,0,1,0
2104.14565,measured,1,2,1.0|1.4,lindegren,0,0,0,1,0,1,0
2105.06108,measured,0,0,,,0,0,0,0,0,0,0
2105.07266,measured,0,0,,,0,0,0,0,0,0,0
2105.11662,measured,0,0,,,0,0,0,0,0,0,0
2105.13370,measured,1,3,1.2|1.4,gaia_generic|none,0,0,0,1,0,1,0
2105.13379,measured,0,0,,,0,0,0,0,0,0,0
2106.07669,measured,1,2,1.1,none,0,0,0,0,0,1,0
2106.08128,measured,1,2,0.4|1.4,fabricius|none,0,0,0,0,0,1,0
2106.08819,measured,1,1,1.4,lindegren,0,0,0,1,0,1,0
2106.13337,measured,1,3,1.4,lindegren|other,0,0,0,1,0,1,0
2106.15656,measured,0,0,,,0,0,0,0,0,0,0
2107.00036,measured,1,1,1.4,other,0,0,0,1,0,1,0
2107.06303,measured,1,1,2,none,0,0,0,0,0,1,0
2107.06340,measured,0,0,,,0,0,0,0,0,0,0
2107.06373,measured,1,1,1.4,other,0,0,0,1,0,1,0
2107.08057,measured,1,2,1.4,other,0,0,0,1,1,1,0
2107.10259,measured,1,1,1.72,lindegren,0,0,0,1,0,1,0
2107.12691,measured,1,0,,,0,0,0,0,0,0,0
2108.01100,measured,0,0,,,0,0,0,0,0,0,0
2108.04255,measured,0,0,,,0,0,0,0,0,0,0
2108.05321,measured,1,1,1.5,fabricius,0,0,0,1,1,1,0
2108.11001,measured,0,0,,,0,0,0,0,0,0,0
2108.11208,measured,0,0,,,0,0,0,0,0,0,0
2109.00836,measured,1,1,4.15,belokurov,0,0,0,0,1,1,0
2109.03149,measured,0,0,,,0,0,0,0,0,0,0
2109.07522,measured,0,0,,,0,0,0,0,0,0,0
2109.09185,measured,1,0,,,0,0,0,0,0,0,0
2109.10912,measured,1,13,1.4|2|5|8.8,gaia_generic|none|other,0,0,0,1,0,1,0
2109.10998,measured,0,0,,,0,0,0,0,0,0,0
2109.11826,measured,0,0,,,0,0,0,0,0,0,0
2109.11951,measured,1,0,,,0,0,0,0,0,0,0
2109.12114,measured,1,2,1.4|1.96,lindegren,0,0,0,1,0,1,1
2110.04576,measured,1,2,2.0,other,0,0,0,0,1,1,0
2110.06240,measured,0,0,,,0,0,0,0,0,0,0
2110.10182,measured,0,0,,,0,0,0,0,0,0,0
2110.13382,measured,1,0,,,0,0,0,0,0,0,0
2110.13943,measured,1,4,1.4|2.0,lindegren|other,0,0,0,1,0,1,0
2111.01145,measured,1,0,,,0,0,0,0,0,0,0
2111.01860,measured,1,0,,,0,0,0,0,0,0,0
2111.02131,measured,0,0,,,0,0,0,0,0,0,0
2111.03676,measured,1,3,1.0|1.4,lindegren,0,0,1,1,0,1,0
2111.03887,measured,1,1,1.4,fabricius,0,0,0,1,0,1,0
2111.05291,measured,1,1,1.4,other,0,0,0,0,1,1,0
2111.06506,measured,0,0,,,0,0,0,0,0,0,0
2111.06899,measured,0,0,,,0,0,0,0,0,0,0
2111.09324,measured,1,1,1.2,lindegren,0,0,0,1,1,1,0
2111.11196,measured,1,1,1.4,lindegren,0,0,1,0,0,1,0
2111.11725,measured,1,0,,,0,0,0,0,0,0,0
2111.11787,measured,0,0,,,0,0,0,0,0,0,0
2111.13939,measured,1,2,1.6,other,0,0,0,0,0,1,0
2111.13946,measured,1,9,1.6,other,0,0,0,1,0,1,0
2112.00852,measured,1,6,1.4|3.75,none|other,0,0,0,0,0,1,0
2112.01703,measured,1,2,2.8,belokurov|other,0,0,0,1,0,1,0
2112.03959,measured,1,2,1.4|1.9314,penoyre,1,0,0,1,0,1,0
2112.04504,measured,0,0,,,0,0,0,0,0,0,0
2112.04678,measured,0,0,,,0,0,0,0,0,0,0
2112.06683,measured,1,1,4.2,other,0,0,0,0,0,1,0
2112.07023,measured,1,1,1.2,gaia_generic,0,0,0,1,0,0,0
2112.11475,measured,0,0,,,0,0,0,0,0,0,0
2112.11567,measured,0,0,,,0,0,0,0,0,0,0
2112.11943,measured,1,1,2,none,0,0,0,0,0,1,0
2112.12152,measured,1,7,2,none|other,0,0,0,0,0,1,0
2112.15353,measured,1,1,1.4,gaia_generic,0,0,0,1,0,1,0
2201.00733,measured,1,4,1.06|2.0|6.44,none|other,0,0,1,1,1,1,0
2201.03252,measured,0,0,,,0,0,0,0,0,0,0
2201.04134,measured,0,0,,,0,0,0,0,0,0,0
2201.05124,no_source,,,,,,,,,,,
2201.05614,measured,1,0,,,0,0,0,0,0,0,0
2201.08146,measured,0,0,,,0,0,0,0,0,0,0
2201.08285,measured,0,0,,,0,0,0,0,0,0,0
2201.08508,measured,0,0,,,0,0,0,0,0,0,0
2201.09097,measured,1,6,1.4|5.27,lindegren_tn|none|other,0,0,0,0,0,1,0
2201.09438,measured,1,1,1.4,none,0,0,0,1,0,1,0
2201.09963,measured,1,1,1.15,penoyre,1,0,0,1,0,1,0
2201.11376,measured,0,0,,,0,0,0,0,0,0,0
2201.13379,measured,1,3,1|1.4|4.181,other,0,0,0,0,0,1,0
2202.00042,measured,1,6,0.016|1.4,lindegren|other,0,0,0,1,1,1,0
2202.02315,measured,0,0,,,0,0,0,0,0,0,0
2202.04199,measured,1,1,1.4,none,0,0,0,1,0,1,0
2202.06963,measured,1,11,1|1.25,lindegren|none,0,0,0,1,0,1,1
2202.07942,measured,0,0,,,0,0,0,0,0,0,0
2202.08369,measured,1,5,1.4|3,none|other,0,0,0,1,0,1,0
2202.11110,measured,0,0,,,0,0,0,0,0,0,0
2202.11472,measured,0,0,,,0,0,0,0,0,0,0
2203.01953,measured,1,1,1.4,gaia_generic,0,0,0,1,0,1,0
2203.03659,measured,1,16,1|1.4|2,none|other,0,0,1,1,0,1,0
2203.05901,measured,0,0,,,0,0,0,0,0,0,0
2203.07294,measured,1,1,2.4,lindegren,0,0,0,1,0,1,0
2203.07938,measured,1,1,1.4,other,0,0,0,0,0,1,0
2203.08971,measured,0,0,,,0,0,0,0,0,0,0
2203.11234,no_source,,,,,,,,,,,
2203.11250,measured,1,4,1.4|2.0,none|other,0,0,0,0,1,1,0
2203.12795,measured,1,5,1.4|2,none|other,0,0,1,1,0,1,0
2204.09414,measured,1,2,1.4|3,lindegren,0,0,0,1,0,1,0
2204.12140,measured,1,2,1.2|1.4,none|other,0,0,1,1,0,1,0
2204.12551,measured,1,3,1.4,none|other,0,0,0,1,1,1,0
2204.13672,measured,1,0,,,0,0,0,0,0,0,0
2205.00014,measured,0,0,,,0,0,0,0,0,0,0
2205.00040,measured,1,2,1.4,gaia_generic|none,0,0,0,1,0,1,0
2205.03444,measured,1,1,1.4,fabricius,0,0,0,1,0,1,0
2205.04444,measured,0,0,,,0,0,0,0,0,0,0
2205.05690,measured,0,0,,,0,0,0,0,0,0,0
2205.06186,measured,1,1,1.4,none,0,0,0,1,0,1,0
2205.06789,measured,0,0,,,0,0,0,0,0,0,0
2205.08009,measured,0,0,,,0,0,0,0,0,0,0
2205.08548,measured,0,0,,,0,0,0,0,0,0,0
2205.12278,measured,1,2,2,none|other,0,0,0,1,0,1,0
2205.12874,measured,0,0,,,0,0,0,0,0,0,0
2205.13153,measured,0,0,,,0,0,0,0,0,0,0
2205.13715,measured,1,1,1.4,other,0,0,0,0,0,1,0
2206.00025,measured,0,0,,,0,0,0,0,0,0,0
2206.00417,measured,1,2,1.4,none,0,0,0,1,0,1,0
2206.00604,measured,1,5,1.8|2|5.1,none|other,0,0,0,1,0,1,0
2206.03074,measured,0,0,,,0,0,0,0,0,0,0
2206.03511,measured,1,1,1.4,lindegren,0,0,0,0,0,1,0
2206.03777,measured,1,2,1.4|1.55,fabricius|gaia_generic,0,0,0,1,0,1,0
2206.04148,measured,1,1,0.001,none,0,0,0,1,0,1,0
2206.04392,measured,1,45,0|1|1.25|1.7|1.9|2,gaia_generic|lindegren|none|other|penoyre,1,0,1,0,1,1,1
2206.04458,no_source,,,,,,,,,,,
2206.04567,measured,1,7,1.4|3|8.8,none|other,0,0,1,1,0,1,0
2206.05388,measured,0,0,,,0,0,0,0,0,0,0
2206.05411,measured,1,4,1.05|1.4|1.64,fabricius|other,0,0,1,0,0,1,0
2206.05595,measured,1,9,1.09|1.4,none|other,0,0,0,0,0,1,0
2206.05704,no_source,,,,,,,,,,,
2206.05725,measured,0,0,,,0,0,0,0,0,0,0
2206.05902,measured,1,1,1.4,other,0,0,0,0,0,1,0
2206.05989,measured,1,1,1.4,other,0,0,0,0,0,1,0
2206.06121,measured,1,5,1.5,belokurov|none|other,0,0,0,0,0,1,0
2206.06339,measured,0,0,,,0,0,0,0,0,0,0
2206.08230,measured,1,1,1.4,lindegren,0,0,0,0,0,1,0
2206.08383,measured,1,1,1.3,other,0,0,0,1,0,1,0
2206.09990,measured,1,1,1.094,penoyre,1,0,0,0,0,1,0
2206.10505,measured,1,2,1.4,lindegren|other,0,0,0,1,1,1,0
2206.11047,measured,1,3,0.80|1.4|2.015,gaia_generic|none,0,0,0,1,0,1,0
2206.11092,measured,0,0,,,0,0,0,0,0,0,0
2206.11275,measured,1,0,,,0,0,0,0,0,0,0
2206.12170,measured,1,1,1.4,fabricius,0,0,0,0,0,1,0
2206.12824,measured,0,0,,,0,0,0,0,0,0,0
2206.15318,measured,1,9,1.4|1.7|2|2.49|2.9|3.2|4.62|5.5,other,0,0,0,1,0,1,0
2207.02925,measured,1,8,1.0|1.2|1.3|1.4|2|2.3|5.2,none|other,0,0,0,1,0,1,0
2207.05090,measured,0,0,,,0,0,0,0,0,0,0
2207.06258,measured,1,2,1.2,other,0,0,0,0,0,1,0
2207.06511,measured,0,0,,,0,0,0,0,0,0,0
2207.08452,measured,1,10,1.4|2.544|8.382,belokurov|gaia_generic|none|other,0,0,0,0,0,1,0
2207.08742,measured,1,0,,,0,0,0,0,0,0,0
2207.13368,measured,1,1,1.4,lindegren,0,0,0,0,0,1,0
2208.00211,measured,0,0,,,0,0,0,0,0,0,0
2208.01176,measured,0,0,,,0,0,0,0,0,0,0
2208.02257,measured,1,2,1.4,penoyre,1,0,0,0,0,1,0
2208.04979,measured,0,0,,,0,0,0,0,0,0,0
2208.05277,measured,1,3,1.4,lindegren|none|other,0,0,0,1,0,1,0
2208.05488,measured,0,0,,,0,0,0,0,0,0,0
2208.06333,measured,0,0,,,0,0,0,0,0,0,0
2208.06478,measured,0,0,,,0,0,0,0,0,0,0
2208.06715,measured,1,13,1.6,none|other,0,0,0,0,0,1,0
2208.08212,measured,0,0,,,0,0,0,0,0,0,0
2208.09403,measured,1,2,1.4,fabricius|none,0,0,0,0,1,1,0
2208.12112,measured,1,1,1.4,fabricius,0,0,0,0,1,1,0
2208.12720,measured,0,0,,,0,0,0,0,0,0,0
2208.14138,measured,0,0,,,0,0,0,0,0,0,0
2208.14551,measured,0,0,,,0,0,0,0,0,0,0
2209.02352,measured,0,0,,,0,0,0,0,0,0,0
2209.02731,measured,1,0,,,0,0,0,0,0,0,0
2209.03279,measured,0,0,,,0,0,0,0,0,0,0
2209.03906,measured,1,6,1.0|1.4,lindegren|none|other,0,0,0,0,0,1,0
2209.04210,measured,1,1,5,lindegren_tn,0,0,0,1,0,1,0
2209.05845,measured,0,0,,,0,0,0,0,0,0,0
2209.06810,measured,0,0,,,0,0,0,0,0,0,0
2209.06833,measured,1,1,1.4,other,0,0,0,0,0,1,0
2209.06873,measured,0,0,,,0,0,0,0,0,0,0
2209.07885,measured,1,1,1.4,lindegren,0,0,0,1,0,1,0
2209.08259,measured,0,0,,,0,0,0,0,0,0,0
2209.09915,measured,1,1,1.4,fabricius,0,0,0,0,0,1,0
2209.12938,measured,1,1,1.4,fabricius,0,0,0,0,0,1,0
2209.13107,measured,1,1,1.4,other,0,0,0,1,1,1,0
2209.14319,measured,0,0,,,0,0,0,0,0,0,0
2210.01137,measured,1,1,1.4,other,0,0,0,0,0,1,0
2210.01937,measured,0,0,,,0,0,0,0,0,0,0
2210.02086,measured,0,0,,,0,0,0,0,0,0,0
2210.03725,measured,1,4,1.0|1.4,fabricius|other,0,0,0,0,0,1,0
2210.08510,measured,1,1,1.4,fabricius,0,0,0,1,1,1,0
2210.10816,measured,0,0,,,0,0,0,0,0,0,0
2210.11383,measured,0,0,,,0,0,0,0,0,0,0
2210.11856,measured,0,0,,,0,0,0,0,0,0,0
2210.11930,measured,1,4,1.4,gaia_generic|lindegren|none,0,0,0,1,0,1,0
2210.14734,measured,1,3,1.4|2,other,0,0,0,0,0,1,0
2210.15473,measured,0,0,,,0,0,0,0,0,0,0
2210.16322,measured,0,0,,,0,0,0,0,0,0,0
2211.01449,measured,1,3,1.4,none,0,0,0,0,1,1,0
2211.01534,measured,1,1,1.4,lindegren,0,0,0,0,1,1,0
2211.01861,measured,0,0,,,0,0,0,0,0,0,0
2211.06194,measured,0,0,,,0,0,0,0,0,0,0
2211.06367,measured,0,0,,,0,0,0,0,0,0,0
2211.07899,measured,1,1,1.5,lindegren,0,0,0,0,0,1,0
2211.08463,measured,1,0,,,0,0,0,0,0,0,0
2211.08852,measured,1,1,1.4,lindegren,0,0,0,0,1,1,0
2211.10803,measured,0,0,,,0,0,0,0,0,0,0
2211.12576,measured,0,0,,,0,0,0,0,0,0,0
2211.14322,measured,1,3,1.4|1.7|4.0,fabricius|gaia_generic,0,0,0,0,0,1,0
2212.02542,measured,1,5,1.0|1.20|1.22|1.4,none|other,0,0,0,0,0,1,0
2212.03596,measured,0,0,,,0,0,0,0,0,0,0
2212.06161,measured,0,0,,,0,0,0,0,0,0,0
2212.08249,measured,1,1,1.4,lindegren,0,0,0,1,1,1,0
2212.11971,measured,1,0,,,0,0,0,0,0,0,0
2212.12087,no_source,,,,,,,,,,,
2301.00822,measured,0,0,,,0,0,0,0,0,0,0
2301.01370,measured,0,0,,,0,0,0,0,0,0,0
2301.01722,measured,1,2,1.4|5,lindegren,0,0,1,0,0,1,0
2301.03777,measured,1,4,1.2|1.4,none|other,0,0,0,0,0,1,0
2301.04232,measured,0,0,,,0,0,0,0,0,0,0
2301.05018,measured,1,1,2.73,fabricius,0,0,0,0,0,1,0
2301.10581,measured,0,0,,,0,0,0,0,0,0,0
2301.11061,measured,0,0,,,0,0,0,0,0,0,0
2301.12109,measured,1,1,1.4,belokurov,0,0,0,0,0,1,0
2301.13470,measured,0,0,,,0,0,0,0,0,0,0
2302.00053,measured,1,1,1.4,other,0,0,0,0,0,1,0
2302.02611,measured,1,0,,,0,0,0,0,0,0,0
2302.02802,measured,0,0,,,0,0,0,0,0,0,0
2302.03455,measured,0,0,,,0,0,0,0,0,0,0
2302.04138,measured,0,0,,,0,0,0,0,0,0,0
2302.04348,measured,1,4,1.4|2.0,lindegren_tn,0,0,0,0,0,1,0
2302.05479,measured,0,0,,,0,0,0,0,0,0,0
2302.07714,measured,0,0,,,0,0,0,0,0,0,0
2302.07880,measured,0,0,,,0,0,0,0,0,0,0
2302.10024,measured,0,0,,,0,0,0,0,0,0,0
2302.12778,measured,0,0,,,0,0,0,0,0,0,0
2303.05743,measured,0,0,,,0,0,0,0,0,0,0
2303.09926,measured,0,0,,,0,0,0,0,0,0,0
2303.12841,measured,0,0,,,0,0,0,0,0,0,0
2303.14073,measured,0,0,,,0,0,0,0,0,0,0
2303.15253,measured,1,1,1.15,none,0,0,0,0,0,1,0
2303.15531,measured,0,0,,,0,0,0,0,0,0,0
2303.16224,measured,0,0,,,0,0,0,0,0,0,0
2303.16357,measured,0,0,,,0,0,0,0,0,0,0
2303.17424,measured,1,2,1.4,none|penoyre,1,0,0,0,0,1,0
2304.00226,measured,1,1,1.4,other,0,0,0,0,0,1,0
2304.01671,measured,1,11,1.4|2,lindegren|none|other,0,0,0,1,1,1,0
2304.02029,measured,0,0,,,0,0,0,0,0,0,0
2304.02209,measured,1,1,1.4,lindegren,0,0,0,0,0,1,0
2304.07158,measured,1,0,,,0,0,0,0,0,0,0
2304.07322,measured,1,13,0.07|1.01|1.2|1.4|2.0,belokurov|none|penoyre,1,0,1,1,0,1,0
2304.08370,measured,1,5,1.4,gaia_generic|lindegren|other,0,0,0,1,0,1,0
2304.09206,measured,0,0,,,0,0,0,0,0,0,0
2304.11980,measured,1,2,1.25,none,0,0,0,0,0,1,0
2304.12169,measured,0,0,,,0,0,0,0,0,0,0
2304.12490,measured,1,0,,,0,0,0,0,0,0,0
2304.13951,measured,0,0,,,0,0,0,0,0,0,0
2304.14113,measured,0,0,,,0,0,0,0,0,0,0
2305.00134,measured,0,0,,,0,0,0,0,0,0,0
2305.02514,measured,0,0,,,0,0,0,0,0,0,0
2305.03557,measured,1,0,,,0,0,0,0,0,0,0
2305.04613,measured,1,1,1.2,penoyre,1,0,0,0,0,1,0
2305.09215,measured,1,2,1.4,gaia_generic|lindegren,0,0,0,0,0,1,0
2305.09414,measured,1,1,1.4,lindegren,0,0,0,1,0,1,0
2305.10269,measured,1,0,,,0,0,0,0,0,0,0
2305.11823,measured,0,0,,,0,0,0,0,0,0,0
2305.16495,measured,1,1,1.11,other,0,0,0,0,0,1,0
2305.17755,measured,1,1,2,other,0,0,0,0,0,1,0
2305.18147,measured,1,1,1.4,penoyre,1,0,0,0,0,1,0
2305.19319,measured,1,1,1.3,fabricius,0,0,0,0,0,1,0
2306.03140,measured,1,1,1.4,lindegren,0,0,0,1,0,1,0
2306.03357,measured,1,1,1.4,gaia_generic,0,0,0,0,0,1,0
2306.04311,measured,0,0,,,0,0,0,0,0,0,0
2306.06888,measured,0,0,,,0,0,0,0,0,0,0
2306.08143,measured,0,0,,,0,0,0,0,0,0,0
2306.08179,measured,1,3,1.23|1.4,other,0,0,0,0,0,1,0
2306.11276,measured,0,0,,,0,0,0,0,0,0,0
2306.13130,measured,1,0,,,0,0,0,0,0,0,0
2306.13132,measured,1,1,1.2,other,0,0,0,1,0,1,0
2306.14025,measured,0,0,,,0,0,0,0,0,0,0
2306.17545,measured,0,0,,,0,0,0,0,0,0,0
2307.01337,measured,1,4,1.4,gaia_generic|other,0,0,0,0,1,1,0
2307.01688,measured,1,1,1.4,lindegren,0,0,0,0,0,1,0
2307.03397,measured,0,0,,,0,0,0,0,0,0,0
2307.05421,measured,1,2,1.4,lindegren,0,0,0,0,0,1,0
2307.05669,measured,0,0,,,0,0,0,0,0,0,0
2307.08959,measured,0,0,,,0,0,0,0,0,0,0
2307.10836,measured,0,0,,,0,0,0,0,0,0,0
2307.13398,measured,0,0,,,0,0,0,0,0,0,0
2307.13719,measured,1,4,1.2|1.4,lindegren|none|other,0,0,0,0,0,1,1
2308.00104,measured,1,11,0.8|1.393|1.4|1.6|7.6,none|other,0,0,0,0,0,1,0
2308.05613,measured,1,1,1.02,fabricius,0,0,0,0,0,1,0
2308.08584,measured,1,4,1.4,penoyre,1,0,0,1,0,1,0
2308.09854,measured,0,0,,,0,0,0,0,0,0,0
2308.12330,measured,1,2,1.4,other,0,0,0,0,0,1,0
2308.12489,measured,1,3,1.4,lindegren,0,0,0,0,0,1,0
2308.13039,measured,1,2,1.4,other,0,0,0,0,0,1,0
2308.14303,measured,0,0,,,0,0,0,0,0,0,0
2308.15919,measured,0,0,,,0,0,0,0,0,0,0
2309.01546,measured,0,0,,,0,0,0,0,0,0,0
2309.02488,measured,0,0,,,0,0,0,0,0,0,0
2309.05524,measured,0,0,,,0,0,0,0,0,0,0
2309.05618,measured,0,0,,,0,0,0,0,0,0,0
2309.06860,no_source,,,,,,,,,,,
2309.10096,measured,0,0,,,0,0,0,0,0,0,0
2309.10148,measured,1,10,0.1|1.0|1.12|1.21|1.4|2|3.13,none|other,0,0,1,0,0,1,0
2309.10404,measured,1,2,1|1.2,none|penoyre,1,0,1,0,0,1,0
2309.10862,measured,1,3,1.4,none,0,0,0,0,0,1,0
2309.11390,measured,1,1,1.009,lindegren,0,0,0,1,0,1,0
2309.13453,measured,1,0,,,0,0,0,0,0,0,0
2309.14605,measured,0,0,,,0,0,0,0,0,0,0
2309.15905,measured,1,2,0.181|2,gaia_generic|none,0,0,0,0,0,1,0
2310.01293,measured,0,0,,,0,0,0,0,0,0,0
2310.02241,measured,0,0,,,0,0,0,0,0,0,0
2310.02256,measured,1,0,,,0,0,0,0,0,0,0
2310.03654,measured,1,4,1.4,lindegren|other,0,0,0,1,0,1,0
2310.05653,measured,1,3,0.02|1.4|4.5,none,0,0,1,0,0,1,0
2310.06295,measured,1,0,,,0,0,0,0,0,0,0
2310.08890,measured,1,3,1.16|1.4,other,0,0,0,0,0,1,0
2310.13489,measured,0,0,,,0,0,0,0,0,0,0
2310.15671,measured,1,0,,,0,0,0,0,0,0,0
2310.16257,measured,0,0,,,0,0,0,0,0,0,0
2310.19866,measured,0,0,,,0,0,0,0,0,0,0
2310.20099,measured,0,0,,,0,0,0,0,0,0,0
2310.20176,measured,1,2,2,none,0,0,0,0,0,1,0
2311.01827,measured,1,2,1.35,none|other,0,0,0,0,0,1,0
2311.03199,measured,1,1,1.2,gaia_generic,0,0,1,0,1,1,0
2311.03436,measured,0,0,,,0,0,0,0,0,0,0
2311.04862,measured,0,0,,,0,0,0,0,0,0,0
2311.08358,measured,1,1,1.4,other,0,0,0,0,0,1,0
2311.08461,measured,0,0,,,0,0,0,0,0,0,0
2311.08489,measured,1,6,1.4|2,none|other,0,0,0,0,0,1,0
2311.08801,measured,1,1,1.15,other,0,0,0,0,0,1,0
2311.11454,measured,0,0,,,0,0,0,0,0,0,0
2311.12210,measured,0,0,,,0,0,0,0,0,0,0
2311.17145,measured,0,0,,,0,0,0,0,0,0,0
2312.02260,measured,0,0,,,0,0,0,0,0,0,0
2312.02735,measured,1,2,1.4|1.8,other,0,0,0,0,0,1,0
2312.03162,measured,1,1,1.2,none,0,0,0,0,0,1,0
2312.05301,measured,1,1,1.4,gaia_generic,0,0,0,0,0,1,0
2312.06776,measured,1,1,0.98,none,0,0,0,0,0,1,0
2312.08423,measured,0,0,,,0,0,0,0,0,0,0
2312.10158,measured,1,0,,,0,0,0,0,0,0,0
2312.11124,measured,1,3,1.25|1.4|2.01,none|other,0,0,0,0,0,1,0
2312.11664,measured,1,2,1.1|1.4,none|other,0,0,0,0,0,1,0
2312.12827,measured,1,4,1.4,fabricius|none|other,0,0,0,0,0,1,0
2401.02484,measured,0,0,,,0,0,0,0,0,0,0
2401.03959,measured,1,2,1.4,gaia_generic,0,0,0,0,0,1,0
2401.04173,measured,1,3,0.99|1.4|3.60,none|other,0,0,0,0,0,1,0
2401.05630,measured,1,2,1.2|1.4,lindegren|other,0,0,1,0,0,1,1
2401.08546,measured,1,1,1.4,other,0,0,1,0,0,1,0
2402.04919,measured,1,1,1.2,none,0,0,1,0,0,1,0
2402.04946,measured,0,0,,,0,0,0,0,0,0,0
2402.05720,measured,0,0,,,0,0,0,0,0,0,0
2402.05991,measured,0,0,,,0,0,0,0,0,0,0
2402.07346,measured,0,0,,,0,0,0,0,0,0,0
2402.07748,measured,0,0,,,0,0,0,0,0,0,0
2402.09278,measured,0,0,,,0,0,0,0,0,0,0
2402.13223,measured,1,1,1.4,lindegren,0,0,0,0,0,1,0
2402.14960,measured,1,0,,,0,0,0,0,0,0,0
2402.15101,measured,1,1,1.4,other,0,0,0,0,0,1,0
2402.15438,measured,1,5,1.2|1.24|1.4,fabricius|lindegren|other,0,0,0,0,0,1,0
2402.17384,measured,0,0,,,0,0,0,0,0,0,0
2403.03261,measured,1,2,1.4,other,0,0,0,0,0,1,0
2403.04592,measured,1,13,0.95|1.0|1.07|1.29|1.4|1.6|1.61|1.67|1.88|1.98|8.3,none|other,0,0,0,0,0,1,0
2403.04606,measured,1,4,1.4,other,0,0,1,1,0,1,0
2403.06240,measured,0,0,,,0,0,0,0,0,0,0
2403.12129,measured,0,0,,,0,0,0,0,0,0,0
2403.12146,measured,1,3,1.4|2,gaia_generic|none|penoyre,1,0,0,0,1,1,0
2403.12219,measured,0,0,,,0,0,0,0,0,0,0
2403.15513,no_source,,,,,,,,,,,
2404.02976,measured,1,0,,,0,0,0,0,0,0,0
2404.05327,measured,0,0,,,0,0,0,0,0,0,0
2404.08234,measured,1,5,1.25,none|penoyre,1,0,0,0,0,1,0
2404.11022,measured,1,2,1.4,other,0,0,0,0,0,1,0
2404.12523,measured,0,0,,,0,0,0,0,0,0,0
2404.14127,measured,1,9,1.25|1.4|2.07,lindegren_tn|none|other,0,0,1,1,1,1,0
2404.14324,no_source,,,,,,,,,,,
2404.18099,measured,1,1,1.4,fabricius,0,0,0,0,0,0,0
2404.19676,measured,1,2,1.4,lindegren,0,0,0,0,0,1,0
2405.00780,measured,0,0,,,0,0,0,0,0,0,0
2405.02423,measured,0,0,,,0,0,0,0,0,0,0
2405.02863,measured,0,0,,,0,0,0,0,0,0,0
2405.02912,measured,0,0,,,0,0,0,0,0,0,0
2405.03457,measured,0,0,,,0,0,0,0,0,0,0
2405.04314,measured,0,0,,,0,0,0,0,0,0,0
2405.10379,measured,1,1,1.4,lindegren,0,0,0,0,1,1,0
2405.13395,measured,1,1,5,none,0,0,0,0,0,1,0
2406.04288,measured,1,3,1.014|1.4|1.81,none|other,0,0,1,0,0,1,0
2406.07196,measured,1,4,1.4|1.96,other,0,0,0,0,1,1,1
2406.11593,measured,1,0,,,0,0,0,0,0,0,0
2406.16474,measured,0,0,,,0,0,0,0,0,0,0
2406.18184,measured,0,0,,,0,0,0,0,0,0,0
2406.18631,measured,0,0,,,0,0,0,0,0,0,0
2406.18638,measured,0,0,,,0,0,0,0,0,0,0
2406.18767,measured,1,0,,,0,0,0,0,0,0,0
2407.01037,measured,1,1,1.060,other,0,0,0,0,0,1,0
2407.02594,measured,1,0,,,0,0,0,0,0,0,0
2407.03284,measured,0,0,,,0,0,0,0,0,0,0
2407.04765,measured,1,1,1.4,other,0,0,0,0,0,1,0
2407.06257,measured,0,0,,,0,0,0,0,0,0,0
2407.06280,measured,0,0,,,0,0,0,0,0,0,0
2407.07187,measured,0,0,,,0,0,0,0,0,0,0
2407.10823,measured,1,4,1.4,fabricius|none|other,0,0,0,0,0,1,0
2407.12583,measured,1,1,1.4,other,0,0,0,0,0,1,0
2407.16760,measured,0,0,,,0,0,0,0,0,0,0
2407.18763,measured,0,0,,,0,0,0,0,0,0,0
2407.18828,measured,1,1,1.4,other,0,0,0,0,0,1,0
2407.19219,measured,1,0,,,0,0,0,0,0,0,0
2407.20949,measured,1,1,1,lindegren,0,0,0,0,0,1,0
2408.00725,measured,0,0,,,0,0,0,0,0,0,0
2408.01411,measured,0,0,,,0,0,0,0,0,0,0
2408.03985,measured,0,0,,,0,0,0,0,0,0,0
2408.04697,measured,0,0,,,0,0,0,0,0,0,0
2408.05423,measured,1,4,1.4|2.5|2.65|5.7,none|other,0,0,0,0,0,1,0
2408.10038,measured,0,0,,,0,0,0,0,0,0,0
2408.11511,measured,0,0,,,0,0,0,0,0,0,0
2408.13618,no_source,,,,,,,,,,,
2408.14694,measured,1,0,,,0,0,0,0,0,0,0
2408.17370,measured,0,0,,,0,0,0,0,0,0,0
2409.01371,measured,0,0,,,0,0,0,0,0,0,0
2409.01891,measured,0,0,,,0,0,0,0,0,0,0
2409.02468,measured,0,0,,,0,0,0,0,0,0,0
2409.04524,measured,1,1,1.002,none,0,0,0,0,1,1,0
2409.09563,measured,0,0,,,0,0,0,0,0,0,0
2409.10622,measured,0,0,,,0,0,0,0,0,0,0
2409.16992,measured,1,22,0.5|0.607|0.729|0.96|1|1.0|1.11|1.4|2|3.07|3.16|4.6|6.7|9,fabricius|none|other,0,0,1,0,1,1,0
2409.16993,measured,1,16,0.041|0.096|0.1|0.12|1.176|1.21|1.22|2|2.4|2.5|2.7,none|other,0,0,1,0,1,1,0
2410.00114,measured,0,0,,,0,0,0,0,0,0,0
2410.01625,measured,0,0,,,0,0,0,0,0,0,0
2410.02737,measured,0,0,,,0,0,0,0,0,0,0
2410.05654,measured,1,0,,,0,0,0,0,0,0,0
2410.05974,measured,1,1,2.0,gaia_generic,0,0,0,0,0,1,0
2410.06247,measured,0,0,,,0,0,0,0,0,0,0
2410.06335,measured,0,0,,,0,0,0,0,0,0,0
2410.06754,measured,0,0,,,0,0,0,0,0,0,0
2410.11037,measured,0,0,,,0,0,0,0,0,0,0
2410.11568,measured,0,0,,,0,0,0,0,0,0,0
2410.14372,measured,1,5,1.4,gaia_generic|none|other,0,0,0,0,1,1,0
2410.20194,measured,1,3,1.01|1.4,lindegren|other,0,0,0,1,0,1,0
2411.00088,measured,1,13,1.25|1.4|5.5,gaia_generic|none|other|penoyre,1,0,1,0,0,1,1
2411.03454,measured,0,0,,,0,0,0,0,0,0,0
2411.03994,measured,0,0,,,0,0,0,0,0,0,0
2411.09905,measured,0,0,,,0,0,0,0,0,0,0
2411.17819,measured,0,0,,,0,0,0,0,0,0,0
2412.05002,measured,0,0,,,0,0,0,0,0,0,0
2412.07840,measured,0,0,,,0,0,0,0,0,0,0
2412.08333,measured,1,2,1.9|7.6,none,0,0,0,0,0,1,0
2412.08465,measured,1,9,1.4,none|other,0,0,0,0,0,1,0
2501.02587,measured,1,2,1.3,other,0,0,0,0,0,1,0
2501.03844,measured,0,0,,,0,0,0,0,0,0,0
2501.06295,measured,1,29,0.9|1|1.0|1.03|1.06|1.1|1.16|1.2|1.33|1.4|1.48|1.5|1.8|5,lindegren|none|other,0,0,0,0,1,1,1
2501.08486,measured,1,6,1|1.4|2.5,belokurov|lindegren|none|other,0,0,0,0,1,1,0
2501.13656,measured,0,0,,,0,0,0,0,0,0,0
2501.13809,measured,1,2,1.2,none|other,0,0,0,0,0,1,0
2501.14025,measured,0,0,,,0,0,0,0,0,0,0
2501.14462,measured,1,17,1.25|1.4|2|8,none|other|penoyre,1,0,1,0,0,1,0
2501.14494,measured,1,3,1.4,gaia_generic|none,0,0,0,0,0,1,0
2501.14955,measured,1,1,1.4,other,0,0,0,0,0,1,0
2501.16554,measured,1,1,1.147,penoyre,1,0,0,0,0,1,0
2501.17236,measured,0,0,,,0,0,0,0,0,0,0
2501.18719,measured,1,5,0.2|1.0|1.2|1.4,none|other|penoyre,1,0,1,0,1,1,0
2502.01285,measured,0,0,,,0,0,0,0,0,0,0
2502.01910,measured,1,3,1.4,none|other,0,0,0,0,0,1,0
2502.08068,measured,1,3,1.0|1.4,none|other,0,0,1,0,0,1,0
2502.09373,measured,1,15,1.1|1.2|1.3|1.30|1.4|2.0,none|other,0,0,0,0,0,1,0
2502.12251,measured,0,0,,,0,0,0,0,0,0,0
2502.17319,measured,0,0,,,0,0,0,0,0,0,0
2502.17610,measured,0,0,,,0,0,0,0,0,0,0
2503.02657,measured,1,1,1.4,fabricius,0,0,0,0,0,1,0
2503.05160,measured,1,1,1.4,other,0,0,0,0,0,1,0
2503.07241,measured,0,0,,,0,0,0,0,0,0,0
2503.08286,measured,1,2,1.4|8,lindegren|other,0,0,0,0,1,1,0
2503.08583,measured,1,1,1.4,other,0,0,0,0,0,1,0
2503.13280,measured,0,0,,,0,0,0,0,0,0,0
2503.14605,measured,0,0,,,0,0,0,0,0,0,0
2503.15472,measured,0,0,,,0,0,0,0,0,0,0
2503.19536,measured,0,0,,,0,0,0,0,0,0,0
2503.19997,measured,0,0,,,0,0,0,0,0,0,0
2504.03303,measured,0,0,,,0,0,0,0,0,0,0
2504.05480,measured,0,0,,,0,0,0,0,0,0,0
2504.06362,measured,1,1,1.4,lindegren,0,0,0,0,0,1,0
2504.06415,measured,0,0,,,0,0,0,0,0,0,0
2504.06973,measured,1,1,1.4,other,0,0,0,0,0,1,0
2504.07569,measured,1,6,1|1.2|1.4,belokurov|none,0,0,1,0,0,1,0
2504.11528,measured,1,31,0.02|1|1.1|1.2|1.25|1.4|1.5|2|3,none|other|penoyre,1,0,1,0,0,1,0
2504.13997,measured,0,0,,,0,0,0,0,0,0,0
2504.19616,measured,0,0,,,0,0,0,0,0,0,0
2504.19866,measured,1,0,,,0,0,0,0,0,0,0
2504.20475,measured,0,0,,,0,0,0,0,0,0,0
2505.01470,measured,0,0,,,0,0,0,0,0,0,0
2505.03085,measured,1,1,1.4,other,0,0,0,0,0,1,0
2505.03716,measured,1,1,1.4,fabricius,0,0,0,0,1,1,0
2505.04106,measured,0,0,,,0,0,0,0,0,0,0
2505.04398,measured,0,0,,,0,0,0,0,0,0,0
2505.08109,no_source,,,,,,,,,,,
2505.10123,measured,1,2,1.09|1.11,lindegren,0,0,1,0,1,1,0
2505.12563,measured,1,6,1.012|1.039|1.4|2.969|3.121,other,0,0,0,1,0,1,0
2505.12895,measured,0,0,,,0,0,0,0,0,0,0
2505.12945,measured,1,0,,,0,0,0,0,0,0,0
2506.00493,measured,0,0,,,0,0,0,0,0,0,0
2506.02763,measured,1,1,1.4,lindegren,0,0,0,0,0,1,0
2506.02956,measured,0,0,,,0,0,0,0,0,0,0
2506.05094,measured,0,0,,,0,0,0,0,0,0,0
2506.07499,measured,1,3,1.4|2,other,0,0,0,0,0,1,0
2506.07845,measured,0,0,,,0,0,0,0,0,0,0
2506.16513,measured,1,1,1.4,none,0,0,0,0,0,1,0
2506.17861,measured,1,1,1.4,penoyre,1,0,0,0,0,1,0
2506.18708,measured,0,0,,,0,0,0,0,0,0,0
2506.18961,measured,0,0,,,0,0,0,0,0,0,0
2506.19933,measured,1,1,1.4,gaia_generic,0,0,0,0,0,1,0
2506.21768,measured,1,2,1.4,none|other,0,0,0,0,0,1,0
2506.22399,measured,1,3,1.4,other|penoyre,1,0,0,0,1,1,0
2506.22635,measured,0,0,,,0,0,0,0,0,0,0
2507.01798,measured,0,0,,,0,0,0,0,0,0,0
2507.01855,measured,1,1,0.981,none,0,0,0,0,0,1,0
2507.08266,measured,0,0,,,0,0,0,0,0,0,0
2507.09622,measured,1,0,,,0,0,0,0,0,0,0
2507.13177,measured,1,11,1.1|1.2|1.3,belokurov|none|other|penoyre,1,0,1,0,0,1,0
2507.13783,measured,1,4,1.25|2.4,none|other|penoyre,1,0,0,0,0,1,0
2507.14433,measured,0,0,,,0,0,0,0,0,0,0
2507.15924,measured,0,0,,,0,0,0,0,0,0,0
2507.15936,measured,1,1,1.4,lindegren,0,0,0,0,1,1,0
2507.19273,measured,1,1,1.3,other,0,0,0,0,0,1,0
2508.01127,measured,1,2,1.4,lindegren|other,0,0,0,0,0,1,0
2508.01596,measured,0,0,,,0,0,0,0,0,0,0
2508.03019,measured,0,0,,,0,0,0,0,0,0,0
2508.05233,measured,0,0,,,0,0,0,0,0,0,0
2508.08364,measured,1,3,1.1|1.4,lindegren|other,0,0,0,0,0,1,0
2508.08374,measured,1,0,,,0,0,0,0,0,0,0
2508.08699,measured,0,0,,,0,0,0,0,0,0,0
2508.09845,measured,1,1,1.4,fabricius,0,0,0,1,1,1,0
2508.14875,measured,1,1,1.4,none,0,0,0,0,0,1,0
2508.16421,measured,0,0,,,0,0,0,0,0,0,0
2508.16717,measured,1,1,1.4,belokurov,0,0,0,0,0,1,0
2508.19509,measured,0,0,,,0,0,0,0,0,0,0
2509.01933,measured,0,0,,,0,0,0,0,0,0,0
2509.03361,measured,1,1,1.4,other,0,0,0,1,0,1,0
2509.04555,measured,0,0,,,0,0,0,0,0,0,0
2509.09348,measured,0,0,,,0,0,0,0,0,0,0
2509.11565,measured,0,0,,,0,0,0,0,0,0,0
2509.13412,measured,1,5,1.2|1.4|1.5|2.08,none|other,0,0,1,0,0,1,0
2509.13413,measured,0,0,,,0,0,0,0,0,0,0
2509.19492,measured,0,0,,,0,0,0,0,0,0,0
2509.21643,measured,0,0,,,0,0,0,0,0,0,0
2509.22770,measured,0,0,,,0,0,0,0,0,0,0
2509.26132,measured,0,0,,,0,0,0,0,0,0,0
2510.00102,measured,0,0,,,0,0,0,0,0,0,0
2510.02509,measured,1,0,,,0,0,0,0,0,0,0
2510.08390,measured,1,1,0.934,none,0,0,0,0,0,1,0
2510.13288,measured,1,1,1.4,other,0,0,0,0,0,1,0
2510.14927,measured,1,3,1.24|1.25,other,0,0,0,0,0,1,0
2510.18343,measured,1,0,,,0,0,0,0,0,0,0
2510.19810,measured,1,2,1.4,lindegren_tn|other,0,0,0,0,1,1,0
2511.02539,measured,1,3,1.4,none|other,0,0,0,0,0,1,0
2511.04673,measured,1,2,1.2,belokurov|none,0,0,1,0,0,1,0
2511.07554,measured,1,4,0.05|1.4,fabricius|none|other,0,0,0,0,1,1,0
2511.15610,measured,1,3,1.4,gaia_generic|lindegren|other,0,0,1,0,0,1,0
2511.20923,measured,1,1,1.4,fabricius,0,0,0,0,0,1,0
2511.23368,measured,1,2,1.01,fabricius|other,0,0,0,0,0,1,0
2512.02116,measured,0,0,,,0,0,0,0,0,0,0
2512.02135,measured,1,1,1.4,gaia_generic,0,0,0,1,0,1,0
2512.08932,measured,0,0,,,0,0,0,0,0,0,0
2512.10616,measured,0,0,,,0,0,0,0,0,0,0
2512.25002,measured,1,1,1.3,none,0,0,0,0,0,1,0
2601.02054,measured,1,1,5.55,fabricius,0,0,0,0,1,1,0
2601.02250,measured,1,0,,,0,0,0,0,0,0,0
2601.03810,measured,1,0,,,0,0,0,0,0,0,0
2601.05006,measured,0,0,,,0,0,0,0,0,0,0
2601.05387,measured,1,5,1.4|2|7|9.9,none|other,0,0,0,0,1,1,0
2601.07184,measured,1,2,1.4,lindegren|none,0,0,0,0,0,1,0
2601.09671,measured,1,4,1.4|1.573|1.995|5.021,fabricius|other,0,0,1,0,0,1,0
2601.10099,measured,0,0,,,0,0,0,0,0,0,0
2601.11191,measured,1,1,8.65,other,0,0,0,0,0,1,0
2601.14367,measured,1,1,1.4,other,0,0,1,0,0,1,0
2601.19870,measured,0,0,,,0,0,0,0,0,0,0
2602.02910,measured,1,2,1.2|1.4,gaia_generic,0,0,0,0,0,1,0
2602.04661,measured,1,1,1.44,other,0,0,0,0,0,1,0
2602.04964,measured,0,0,,,0,0,0,0,0,0,0
2602.20096,measured,1,9,1.2|1.4,gaia_generic|lindegren|none|other,0,0,1,0,0,1,0
2603.00229,measured,1,3,1.4|4.309,lindegren|none|other,0,0,0,0,0,1,0
2603.02327,measured,1,1,1.4,lindegren,0,0,0,0,0,1,0
2603.10481,measured,0,0,,,0,0,0,0,0,0,0
2603.11994,measured,1,1,3,none,0,0,0,0,0,1,0
2603.25787,measured,1,2,0.94|2,none|penoyre,1,0,0,0,0,1,0
