arxiv,state,mentioned,sites,values,targets,flag_cite_bda,flag_cite_gr1992,flag_name_gr,flag_cite_vehtari,flag_cite_software,flag_prov,flag_hedge,flag_as_rhat,flag_as_psrf,flag_as_eponym
2607.24378v1,measured,0,0,,,0,0,0,0,0,0,0,0,0,0
2607.24055v1,measured,0,0,,,0,0,0,0,0,0,0,0,0,0
2607.22989v1,measured,0,0,,,0,0,0,0,0,0,0,0,0,0
2607.22449v1,measured,0,0,,,0,0,0,0,0,0,0,0,0,0
2607.18030v1,measured,0,0,,,0,0,0,0,0,0,0,0,0,0
2607.15499v1,measured,1,2,1.05,other|software,0,0,0,0,1,0,0,1,0,0
2607.11631v1,measured,0,0,,,0,0,0,0,0,0,0,0,0,0
2607.07188v1,measured,0,0,,,0,0,0,0,0,0,0,0,0,0
2607.05579v1,measured,0,0,,,0,0,0,0,0,0,0,0,0,0
2606.30018v1,measured,0,0,,,0,0,0,0,0,0,0,0,0,0
2606.29205v1,measured,0,0,,,0,0,0,0,0,0,0,0,0,0
2606.25983v1,measured,0,0,,,0,0,0,0,0,0,0,0,0,0
2606.25603v1,measured,0,0,,,0,0,0,0,0,0,0,0,0,0
2606.24427v1,measured,0,0,,,0,0,0,0,0,0,0,0,0,0
2606.22615v1,measured,0,0,,,0,0,0,0,0,0,0,0,0,0
2606.19540v1,measured,0,0,,,0,0,0,0,0,0,0,0,0,0
2606.15725v1,measured,0,0,,,0,0,0,0,0,0,0,0,0,0
2606.07981v1,measured,1,17,1|1.01|1.02|1.04|1.07|1.13|1.36|1.90|2.49|5.53,none|vehtari_2021,0,0,0,1,0,0,0,1,0,0
2606.14743v1,measured,0,0,,,0,0,0,0,0,0,0,0,0,0
2606.03033v1,measured,0,0,,,0,0,0,0,0,0,0,0,0,0
2606.02874v1,measured,0,0,,,0,0,0,0,0,0,0,0,0,0
2606.00783v1,measured,1,2,1.05,bda|gelman_rubin_1992,1,0,1,1,0,0,1,1,0,0
2605.30722v2,measured,1,0,,,0,0,0,0,0,0,0,0,0,0
2605.30674v1,measured,0,0,,,0,0,0,0,0,0,0,0,0,0
2605.30532v1,measured,0,0,,,0,0,0,0,0,0,0,0,0,0
2605.29180v1,measured,1,3,1.1,gelman_rubin_1992|none,0,0,0,0,0,1,0,1,0,0
2605.25079v1,measured,0,0,,,0,0,0,0,0,0,0,0,0,0
2605.23631v1,measured,0,0,,,0,0,0,0,0,0,0,0,0,0
2605.21782v1,measured,1,0,,,0,0,0,0,0,0,0,0,0,0
2605.18476v2,measured,1,8,1.01|1.049|1.05|1.3,none|vehtari_2021,0,0,0,1,0,0,1,1,0,0
2605.15847v1,measured,0,0,,,0,0,0,0,0,0,0,0,0,0
2605.13397v2,measured,0,0,,,0,0,0,0,0,0,0,0,0,0
2605.12807v1,measured,0,0,,,0,0,0,0,0,0,0,0,0,0
2605.10914v1,measured,0,0,,,0,0,0,0,0,0,0,0,0,0
2605.09880v1,measured,0,0,,,0,0,0,0,0,0,0,0,0,0
2605.09506v1,measured,0,0,,,0,0,0,0,0,0,0,0,0,0
2605.03266v1,measured,0,0,,,0,0,0,0,0,0,0,0,0,0
2605.01603v1,measured,0,0,,,0,0,0,0,0,0,0,0,0,0
2605.01198v1,measured,0,0,,,0,0,0,0,0,0,0,0,0,0
2604.27603v1,measured,0,0,,,0,0,0,0,0,0,0,0,0,0
2604.25410v1,measured,0,0,,,0,0,0,0,0,0,0,0,0,0
2604.21009v1,measured,0,0,,,0,0,0,0,0,0,0,0,0,0
2604.20052v2,measured,0,0,,,0,0,0,0,0,0,0,0,0,0
2604.10863v1,measured,0,0,,,0,0,0,0,0,0,0,0,0,0
2604.09832v2,measured,0,0,,,0,0,0,0,0,0,0,0,0,0
2604.02304v1,measured,1,0,,,0,0,0,0,0,0,0,0,0,0
2604.02116v1,measured,0,0,,,0,0,0,0,0,0,0,0,0,0
2604.00671v2,measured,0,0,,,0,0,0,0,0,0,0,0,0,0
2603.27276v1,measured,0,0,,,0,0,0,0,0,0,0,0,0,0
2603.12299v2,measured,0,0,,,0,0,0,0,0,0,0,0,0,0
2603.07247v1,measured,0,0,,,0,0,0,0,0,0,0,0,0,0
2603.05817v1,measured,0,0,,,0,0,0,0,0,0,0,0,0,0
2603.04003v1,measured,1,7,1.01|1.05|1.1|1.10,none|vehtari_2021,0,1,1,1,0,0,0,1,0,1
2603.02467v2,measured,0,0,,,0,0,0,0,0,0,0,0,0,0
2602.22358v1,measured,0,0,,,0,0,0,0,0,0,0,0,0,0
2602.20448v3,measured,0,0,,,0,0,0,0,0,0,0,0,0,0
2602.14692v1,measured,0,0,,,0,0,0,0,0,0,0,0,0,0
2602.14616v2,measured,1,0,,,0,0,0,0,0,0,0,0,0,0
2602.11325v2,measured,0,0,,,0,0,0,0,0,0,0,0,0,0
2602.10714v2,measured,0,0,,,0,0,0,0,0,0,0,0,0,0
2602.06568v2,measured,0,0,,,0,0,0,0,0,0,0,0,0,0
2602.04554v1,measured,0,0,,,0,0,0,0,0,0,0,0,0,0
2602.00512v1,measured,0,0,,,0,0,0,0,0,0,0,0,0,0
2601.22999v1,measured,0,0,,,0,0,0,0,0,0,0,0,0,0
2601.22911v2,measured,0,0,,,0,0,0,0,0,0,0,0,0,0
2601.21765v2,measured,0,0,,,0,0,0,0,0,0,0,0,0,0
2601.19722v1,measured,0,0,,,0,0,0,0,0,0,0,0,0,0
2601.16696v1,measured,1,0,,,0,0,0,0,0,0,0,0,0,0
2601.16585v2,measured,0,0,,,0,0,0,0,0,0,0,0,0,0
2601.12515v1,measured,0,0,,,0,0,0,0,0,0,0,0,0,0
2601.11066v1,measured,0,0,,,0,0,0,0,0,0,0,0,0,0
2601.09007v1,measured,0,0,,,0,0,0,0,0,0,0,0,0,0
2601.05859v1,measured,1,3,1.01,gelman_rubin_1992,0,1,1,0,0,0,0,1,0,1
2601.03532v2,measured,0,0,,,0,0,0,0,0,0,0,0,0,0
2512.18255v1,measured,0,0,,,0,0,0,0,0,0,0,0,0,0
2512.17868v1,measured,0,0,,,0,0,0,0,0,0,0,0,0,0
2512.12748v1,measured,0,0,,,0,0,0,0,0,0,0,0,0,0
2512.11475v2,measured,0,0,,,0,0,0,0,0,0,0,0,0,0
2512.08173v1,measured,1,0,,,0,0,0,0,0,0,0,0,0,0
2512.00895v2,measured,0,0,,,0,0,0,0,0,0,0,0,0,0
2512.00220v2,measured,0,0,,,0,0,0,0,0,0,0,0,0,0
2511.21563v1,measured,0,0,,,0,0,0,0,0,0,0,0,0,0
2511.21553v1,measured,1,1,1.01,none,0,0,0,0,0,0,0,1,0,0
2511.19628v2,measured,1,4,0.05,none,0,0,0,0,0,1,0,1,0,0
2511.17117v5,measured,0,0,,,0,0,0,0,0,0,0,0,0,0
2511.08124v1,measured,0,0,,,0,0,0,0,0,0,0,0,0,0
2511.07736v1,measured,0,0,,,0,0,0,0,0,0,0,0,0,0
2511.06967v2,measured,0,0,,,0,0,0,0,0,0,0,0,0,0
2511.04975v4,measured,0,0,,,0,0,0,0,0,0,0,0,0,0
2510.22252v1,measured,0,0,,,0,0,0,0,0,0,0,0,0,0
2510.20947v1,measured,1,5,1|1.01|1.05|1.1,none|vehtari_2021,0,0,0,1,0,0,1,1,0,0
2510.19133v2,measured,0,0,,,0,0,0,0,0,0,0,0,0,0
2510.13233v2,measured,0,0,,,0,0,0,0,0,0,0,0,0,0
2510.12917v1,measured,0,0,,,0,0,0,0,0,0,0,0,0,0
2510.10034v2,measured,0,0,,,0,0,0,0,0,0,0,0,0,0
2510.07559v3,measured,0,0,,,0,0,0,0,0,0,0,0,0,0
2510.03587v2,measured,1,0,,,0,0,0,0,0,0,0,0,0,0
2510.03226v1,measured,0,0,,,0,0,0,0,0,0,0,0,0,0
2510.01016v1,measured,1,1,1.05,bda,1,0,1,0,0,0,0,1,0,0
2509.26385v2,measured,0,0,,,0,0,0,0,0,0,0,0,0,0
2509.24820v1,measured,0,0,,,0,0,0,0,0,0,0,0,0,0
2509.17980v1,measured,0,0,,,0,0,0,0,0,0,0,0,0,0
2509.16062v1,measured,0,0,,,0,0,0,0,0,0,0,0,0,0
2509.15164v1,measured,0,0,,,0,0,0,0,0,0,0,0,0,0
2509.11781v1,measured,0,0,,,0,0,0,0,0,0,0,0,0,0
2509.08102v1,measured,0,0,,,0,0,0,0,0,0,0,0,0,0
2509.08020v1,measured,0,0,,,0,0,0,0,0,0,0,0,0,0
2509.02772v2,measured,1,1,1,other,0,0,0,0,0,0,0,1,0,0
2509.00941v1,measured,0,0,,,0,0,0,0,0,0,0,0,0,0
2509.00753v1,measured,0,0,,,0,0,0,0,0,0,0,0,0,0
2509.00562v1,measured,0,0,,,0,0,0,0,0,0,0,0,0,0
2508.18413v2,measured,1,0,,,0,0,0,0,0,0,0,0,0,0
2508.16556v1,measured,1,0,,,0,0,0,0,0,0,0,0,0,0
2508.15069v2,measured,0,0,,,0,0,0,0,0,0,0,0,0,0
2508.11982v1,measured,0,0,,,0,0,0,0,0,0,0,0,0,0
2508.09758v1,measured,0,0,,,0,0,0,0,0,0,0,0,0,0
2507.18404v2,measured,0,0,,,0,0,0,0,0,0,0,0,0,0
2507.17065v1,measured,0,0,,,0,0,0,0,0,0,0,0,0,0
2608.03775v1,measured,0,0,,,0,0,0,0,0,0,0,0,0,0
2608.03566v1,measured,1,2,1.01,none|vehtari_2021,0,0,0,1,1,1,0,1,0,0
2608.02923v1,measured,0,0,,,0,0,0,0,0,0,0,0,0,0
2607.29093v1,measured,0,0,,,0,0,0,0,0,0,0,0,0,0
2607.28585v1,measured,0,0,,,0,0,0,0,0,0,0,0,0,0
2607.28500v1,measured,1,1,1.003,gelman_rubin_1992,0,0,0,0,1,0,0,1,0,0
2607.27678v1,measured,0,0,,,0,0,0,0,0,0,0,0,0,0
2607.26949v1,measured,1,3,1.01,none|vehtari_2021,0,0,0,1,0,0,0,1,0,0
2607.26297v1,measured,0,0,,,0,0,0,0,0,0,0,0,0,0
2607.26185v1,measured,0,0,,,0,0,0,0,0,0,0,0,0,0
2607.25382v1,measured,0,0,,,0,0,0,0,0,0,0,0,0,0
2607.25257v1,measured,0,0,,,0,0,0,0,0,0,0,0,0,0
2607.24084v1,measured,0,0,,,0,0,0,0,0,0,0,0,0,0
2607.23294v1,measured,0,0,,,0,0,0,0,0,0,0,0,0,0
2607.21847v1,measured,1,1,1,none,0,0,0,0,0,0,0,1,0,0
2607.21114v1,measured,0,0,,,0,0,0,0,0,0,0,0,0,0
2607.21044v1,measured,0,0,,,0,0,0,0,0,0,0,0,0,0
2607.19734v1,measured,0,0,,,0,0,0,0,0,0,0,0,0,0
2607.19498v1,measured,1,0,,,0,0,0,0,0,0,0,0,0,0
2607.19493v1,measured,0,0,,,0,0,0,0,0,0,0,0,0,0
2607.18009v1,measured,0,0,,,0,0,0,0,0,0,0,0,0,0
2607.17908v1,measured,1,1,1.01,software,0,0,0,0,1,0,0,1,0,0
2607.16081v1,measured,1,1,1.003,software,0,0,0,0,1,0,0,1,0,0
2607.14860v1,measured,1,0,,,0,0,0,0,0,0,0,0,0,0
2607.13185v1,measured,1,2,1.1|1.29,gelman_rubin_1992|none,0,0,1,0,0,0,0,1,0,0
2607.11558v1,measured,0,0,,,0,0,0,0,0,0,0,0,0,0
2607.07917v1,measured,0,0,,,0,0,0,0,0,0,0,0,0,0
2607.07609v1,measured,0,0,,,0,0,0,0,0,0,0,0,0,0
2607.06905v1,measured,0,0,,,0,0,0,0,0,0,0,0,0,0
2607.06805v1,measured,1,1,1.01,bda,1,0,0,0,1,0,0,1,0,0
2607.06284v1,measured,0,0,,,0,0,0,0,0,0,0,0,0,0
2607.05887v1,measured,1,1,1.05,none,0,0,0,0,0,0,0,1,0,0
2607.04976v1,no_source,,,,,,,,,,,,,,
2607.04205v1,measured,0,0,,,0,0,0,0,0,0,0,0,0,0
2607.02786v1,measured,0,0,,,0,0,0,0,0,0,0,0,0,0
2607.02000v1,no_source,,,,,,,,,,,,,,
2607.01476v1,measured,0,0,,,0,0,0,0,0,0,0,0,0,0
2607.00907v1,measured,0,0,,,0,0,0,0,0,0,0,0,0,0
2607.00722v1,measured,0,0,,,0,0,0,0,0,0,0,0,0,0
2606.31964v1,measured,0,0,,,0,0,0,0,0,0,0,0,0,0
2606.31022v1,measured,0,0,,,0,0,0,0,0,0,0,0,0,0
2606.30999v1,measured,0,0,,,0,0,0,0,0,0,0,0,0,0
2606.30992v1,measured,0,0,,,0,0,0,0,0,0,0,0,0,0
2606.29448v1,measured,0,0,,,0,0,0,0,0,0,0,0,0,0
2606.29402v1,measured,0,0,,,0,0,0,0,0,0,0,0,0,0
2606.28522v1,measured,0,0,,,0,0,0,0,0,0,0,0,0,0
2606.28251v1,no_source,,,,,,,,,,,,,,
2606.24652v1,measured,0,0,,,0,0,0,0,0,0,0,0,0,0
2606.24367v1,measured,0,0,,,0,0,0,0,0,0,0,0,0,0
2606.23358v1,measured,1,0,,,0,0,0,0,0,0,0,0,0,0
2606.23326v1,measured,0,0,,,0,0,0,0,0,0,0,0,0,0
2606.23146v1,measured,1,1,1.1,gelman_rubin_1992,0,0,1,0,0,0,0,0,1,0
2606.22601v1,measured,1,1,1.05,none,0,0,0,0,0,0,0,1,1,0
2606.20341v1,measured,0,0,,,0,0,0,0,0,0,0,0,0,0
2606.19044v1,measured,1,1,1.00,none,0,0,0,0,0,0,0,1,0,0
2606.18809v1,measured,1,1,1,other,0,0,0,0,0,0,1,1,0,0
2606.18806v1,measured,1,0,,,0,0,0,0,0,0,0,0,0,0
2606.18567v1,measured,0,0,,,0,0,0,0,0,0,0,0,0,0
2606.17790v1,measured,0,0,,,0,0,0,0,0,0,0,0,0,0
2606.17717v1,measured,0,0,,,0,0,0,0,0,0,0,0,0,0
2606.17343v2,measured,0,0,,,0,0,0,0,0,0,0,0,0,0
2606.17267v1,measured,0,0,,,0,0,0,0,0,0,0,0,0,0
2606.16677v1,measured,0,0,,,0,0,0,0,0,0,0,0,0,0
2606.16224v1,measured,0,0,,,0,0,0,0,0,0,0,0,0,0
2606.15525v1,measured,1,3,1.05|1.10,bda|none|software,1,1,0,0,0,1,0,1,0,0
2606.14902v1,measured,1,0,,,0,0,0,0,0,0,0,0,0,0
2606.13305v1,measured,0,0,,,0,0,0,0,0,0,0,0,0,0
2606.13019v2,measured,0,0,,,0,0,0,0,0,0,0,0,0,0
2606.11405v1,measured,0,0,,,0,0,0,0,0,0,0,0,0,0
2606.10772v1,measured,0,0,,,0,0,0,0,0,0,0,0,0,0
2606.10256v1,measured,0,0,,,0,0,0,0,0,0,0,0,0,0
2606.09307v1,measured,0,0,,,0,0,0,0,0,0,0,0,0,0
2606.08660v2,measured,0,0,,,0,0,0,0,0,0,0,0,0,0
2606.08642v2,measured,1,5,1.002|1.05,gelman_rubin_1992,0,1,1,0,0,0,0,1,0,1
2606.07947v1,measured,0,0,,,0,0,0,0,0,0,0,0,0,0
2606.07677v1,measured,0,0,,,0,0,0,0,0,0,0,0,0,0
2606.06173v1,measured,0,0,,,0,0,0,0,0,0,0,0,0,0
2606.03961v1,measured,0,0,,,0,0,0,0,0,0,0,0,0,0
2606.02410v1,measured,0,0,,,0,0,0,0,0,0,0,0,0,0
2606.02017v1,measured,0,0,,,0,0,0,0,0,0,0,0,0,0
2606.01489v1,no_source,,,,,,,,,,,,,,
2606.01428v1,measured,0,0,,,0,0,0,0,0,0,0,0,0,0
2605.31511v1,measured,0,0,,,0,0,0,0,0,0,0,0,0,0
2605.31394v1,measured,0,0,,,0,0,0,0,0,0,0,0,0,0
2605.30775v2,measured,1,1,1.01,vehtari_2021,0,0,0,1,0,0,0,1,0,0
2605.30623v1,no_source,,,,,,,,,,,,,,
2605.29196v1,no_source,,,,,,,,,,,,,,
2605.29193v1,measured,1,0,,,0,0,0,0,0,0,0,0,0,0
2605.28212v1,measured,0,0,,,0,0,0,0,0,0,0,0,0,0
2605.27889v2,measured,1,0,,,0,0,0,0,0,0,0,0,0,0
2605.27720v1,measured,0,0,,,0,0,0,0,0,0,0,0,0,0
2605.27184v1,measured,0,0,,,0,0,0,0,0,0,0,0,0,0
2605.26843v1,measured,0,0,,,0,0,0,0,0,0,0,0,0,0
2605.25043v1,measured,0,0,,,0,0,0,0,0,0,0,0,0,0
2605.24847v2,no_source,,,,,,,,,,,,,,
2605.23858v1,measured,0,0,,,0,0,0,0,0,0,0,0,0,0
2605.23692v1,measured,0,0,,,0,0,0,0,0,0,0,0,0,0
2605.23048v1,measured,1,0,,,0,0,0,0,0,0,0,0,0,0
2605.20692v1,measured,1,3,1.01|1.05|2.46,none|other|vehtari_2021,0,0,0,1,0,0,0,1,0,0
2605.20400v1,measured,1,6,1.01|1.1,gelman_rubin_1992|none|other|software,0,0,1,0,1,0,0,1,0,0
2605.20143v2,measured,0,0,,,0,0,0,0,0,0,0,0,0,0
2605.18728v1,no_source,,,,,,,,,,,,,,
2605.17518v1,measured,0,0,,,0,0,0,0,0,0,0,0,0,0
2605.16804v1,measured,0,0,,,0,0,0,0,0,0,0,0,0,0
2605.15291v1,measured,0,0,,,0,0,0,0,0,0,0,0,0,0
2605.14565v2,measured,1,0,,,0,0,0,0,0,0,0,0,0,0
2605.13660v2,measured,0,0,,,0,0,0,0,0,0,0,0,0,0
2605.12901v1,measured,1,0,,,0,0,0,0,0,0,0,0,0,0
2605.09064v1,measured,1,0,,,0,0,0,0,0,0,0,0,0,0
2605.07300v1,measured,0,0,,,0,0,0,0,0,0,0,0,0,0
2605.06742v1,measured,0,0,,,0,0,0,0,0,0,0,0,0,0
2605.06333v1,measured,0,0,,,0,0,0,0,0,0,0,0,0,0
