literature,stratum,arxiv,population
cv,M-NONINVOKER,2606.08002v1,205
cv,M-NONINVOKER,2604.14720v1,205
cv,M-NONINVOKER,2607.12284v1,205
cv,M-NONINVOKER,2607.12231v1,205
cv,M-NONINVOKER,2606.26295v1,205
cv,M-NONINVOKER,2607.08541v1,205
cv,M-INVOKER,2603.19609v2,205
cv,M-INVOKER,2604.22838v1,205
cv,M-INVOKER,2605.07415v2,205
cv,M-INVOKER,2607.01983v1,205
cv,M-INVOKER,2605.17584v1,205
cv,M-INVOKER,2606.30795v1,205
gaia,,2302.02611,320
gaia,,2108.05321,320
gaia,,2504.07569,320
gaia,,2501.13809,320
gaia,,2311.08489,320
gaia,,2403.03261,320
gaia,,2106.07669,320
gaia,,2204.12140,320
gaia,,2206.03511,320
gaia,,2403.12146,320
gaia,,2206.08383,320
gaia,,2309.13453,320
mcmc,,2604.02304v1,59
mcmc,,2510.01016v1,59
mcmc,,2607.26949v1,59
mcmc,,2606.31022v1,59
mcmc,,2606.00783v1,59
mcmc,,2605.30722v2,59
mcmc,,2605.20692v1,59
mcmc,,2605.27889v2,59
mcmc,,2509.02772v2,59
mcmc,,2511.21553v1,59
mcmc,,2601.05859v1,59
mcmc,,2607.15499v1,59
