arxiv,state,has_bib,A,A_bib,A_body,B14,B_any,C,sites_all,sites14,evidence
2011.02505,measured,1,1,1,0,0,0,1,2,2,"sabs.harvard.edu/abs/2017MNRAS.468.4311L} {468, 4311} \bibitem[\protect\citeauthoryear{{Lindegren}}{{Lindegren}}{2018}]{Lindegren2018b} {Lindegren} L., 2018, GAIA-C3-TN-LU-LL-124-01: Re-normalising the astrometric chi-square in Gaia DR2 \bibitem[\protect\citeauthoryear{{Lindegren} et~al.,}{{Lindegren} et~al.}{2018}]{Linde"
2012.01742,measured,1,0,0,0,0,0,1,4,2,
2101.05282,measured,1,0,0,0,0,0,1,16,16,
2101.05811,measured,1,0,0,0,0,0,1,2,2,
2101.07122,measured,1,0,0,0,0,0,1,4,2,
2101.10206,measured,1,0,0,0,0,0,0,4,4,
2102.13654,measured,1,1,1,0,0,0,0,1,1,"stbinaries} {Liebert}, J., {Bond}, H.~E., {Dufour}, P., {et~al.} 2013, \apj, 769, 32 \bibitem[{Lindegren(2018)}]{gaiaruwe} Lindegren, L. 2018, {G}AIA-C3-TN-LU-LL-124 \bibitem[{{Lindegren} {et~al.}(2021{\natexlab{a}}){Lindegren}, {Bastian}, {Biermann}, {Bombrun}, {de Torres}, {Gerlach}, {Geyer}, {Hern{\'a}ndez}, {Hilger"
2103.09923,measured,1,0,0,0,0,0,0,2,1,
2104.00662,measured,1,0,0,0,0,0,0,2,2,
2104.11759,measured,1,0,0,0,0,0,1,2,1,
2104.14565,measured,1,0,0,0,0,0,1,1,1,
2105.13370,measured,1,0,0,0,0,0,0,3,2,
2106.08128,measured,1,1,1,0,0,0,1,1,1," {Bovy}(2019)}]{LeungBovy19} {Leung}, H.~W. \& {Bovy}, J. 2019, \mnras, 489, 2079 \bibitem[{Lindegren(2018)}]{LindegrenTN} Lindegren, L. 2018, {G}AIA-C3-TN-LU-LL-124 \bibitem[{{Lindegren} {et~al.}(2021{\natexlab{a}}){Lindegren}, {Bastian}, {Biermann}, {Bombrun}, {de Torres}, {Gerlach}, {Geyer}, {Hern{\'a}ndez}, {Hilger"
2106.08819,measured,1,0,0,0,0,0,0,1,1,
2106.13337,measured,1,0,0,0,0,0,0,3,3,
2107.00036,measured,1,0,0,0,0,0,0,1,1,
2107.08057,measured,1,0,0,0,0,0,0,2,2,
2109.10912,measured,1,0,0,0,0,0,0,12,10,
2109.12114,measured,1,0,0,0,0,0,1,1,1,
2110.13943,measured,1,0,0,0,0,0,0,3,1,
2111.03676,measured,1,1,1,0,0,0,1,3,1,"ttps://ui.adsabs.harvard.edu/abs/1962P&SS....9..719L} {9, 719} \bibitem[\protect\citeauthoryear{Lindegren}{Lindegren}{2018}]{Lindegren18} Lindegren L., 2018, Re-normalising the astrometric chi-square in Gaia DR2, GAIA-C3-TN-LU-LL-124-01, \url {http://www.rssd.esa.int/doc_fetch.php?id=3757412} \bibitem[\protect\citeauthoryear{{Lindegren} et~al.,}"
2111.05291,measured,1,0,0,0,0,0,0,1,1,
2111.11196,measured,1,0,0,0,0,0,0,1,1,
2112.00852,measured,1,0,0,0,0,0,0,6,5,
2112.03959,measured,1,0,0,0,0,0,1,2,1,
2112.15353,measured,1,0,0,0,0,0,0,1,1,
2201.09097,measured,1,1,1,1,1,1,0,4,3,"ApJ...870...32K} {Kuhn}, M.~A., {Hillenbrand}, L.~A., {Sills}, A., {Feigelson}, E.~D., \& {Getman}, K.~V. 2019, \apj, 870, 32 \bibitem[{Lindegren(2018)}]{LL:LL-124} Lindegren, L. 2018, gAIA-C3-TN-LU-LL-124 \bibitem[{{Lindegren} {et~al.}(2021){Lindegren}, {Bastian}, {Biermann}, {Bombrun}, {de Torres}, {Gerlach}, {Geyer}"
2201.09438,measured,1,0,0,0,0,0,0,1,1,
2201.13379,measured,1,0,0,0,0,0,0,3,1,
2202.00042,measured,1,1,1,0,0,0,1,4,4,"380, 606, \dodoi{10.1038/380606a0} \bibitem[{Lindegren(2018)}]{lindegren2018} Lindegren, L. 2018. \newblock \url{http://www.rssd.esa.int/doc_fetch.php?id=3757412} \bibitem[{{Lindegren} {et~al.}(2018){Lindegren}, {Hern{\'a}ndez}, {Bombrun}, {Klioner}, {Bastian}, {Ramos-Lerate}, {de Torres}, {Steidelm{\""u}l"
2202.04199,measured,1,0,0,0,0,0,0,1,1,
2202.08369,measured,1,0,0,0,0,0,0,5,1,
2203.01953,measured,1,0,0,0,0,0,0,1,1,
2203.03659,measured,1,1,1,0,0,0,0,14,8,"630} \bibitem[\protect\citeauthoryear{Lindegren}{Lindegren}{2018}]{RUWE} Lindegren L., 2018, {R}e-normalising the astrometric chi-square in {G}aia {D}{R}2, GAIA-C3-TN-LU-LL-124, \url {http://www.rssd.esa.int/doc_fetch.php?id=3757412} \bibitem[\protect\citeauthoryear{{Lindegren} et~al.,}{{Lindegren} et~al.}{2021}]{EDR3_a"
2203.07938,measured,1,0,0,0,0,0,0,1,1,
2203.11250,measured,1,0,0,0,0,0,0,3,2,
2203.12795,measured,1,0,0,0,0,0,0,5,1,
2204.09414,measured,1,0,0,0,0,0,1,1,1,
2204.12140,measured,1,0,0,0,0,0,0,2,1,
2204.12551,measured,1,0,0,0,0,0,0,3,3,
2205.00040,measured,1,0,0,0,0,0,0,2,2,
2205.03444,measured,1,0,0,0,0,0,0,1,1,
2205.06186,measured,1,0,0,0,0,0,0,1,1,
2205.13715,measured,1,0,0,0,0,0,1,1,1,
2206.00417,measured,1,0,0,0,0,0,0,2,2,
2206.03511,measured,1,0,0,0,0,0,0,1,1,
2206.03777,measured,1,0,0,0,0,0,0,2,1,
2206.04458,measured,1,0,0,0,0,0,1,1,1,
2206.04567,measured,1,0,0,0,0,0,0,6,2,
2206.05411,measured,1,0,0,0,0,0,0,3,2,
2206.05595,measured,1,1,1,0,0,0,0,9,8,"& L.~{Woltjer}, 13--18 \bibitem[{{Lindegren}(2022)}]{LL:LL-136} {Lindegren}, L. 2022, {Gaia} Data Processing and Analysis Consortium (DPAC) technical note GAIA-C3-TN-LU-LL-136-01, \url{http://www.cosmos.esa.int/web/gaia/public-dpac-documents} \bibitem[{{Lindegren} {et~al.}(2021){Lindegren}, {Klioner}, {Hern\'andez}, {B"
2206.05902,measured,1,1,1,0,0,0,0,1,1,"009)}]{Lindegren2009} Lindegren L., August 2009, {M}inimum-dimension {L}{S}{F} modelling, \urlprefix\url{http://www.rssd.esa.int/doc_fetch.php?id=2915742}, gAIA-C3-TN-LU-LL-084 \bibitem[{{Lindegren} \& {Dravins}(2003)}]{LindegrenDravins2003} {Lindegren} L., {Dravins} D., Apr. 2003, \aap, 401, 1185 \bibitem[{{Lindegren} et~"
2206.05989,measured,1,0,0,0,0,0,0,1,1,
2206.08230,measured,1,0,0,0,0,0,0,1,1,
2206.10505,measured,1,0,0,0,0,0,0,2,2,
2206.11047,measured,1,0,0,0,0,0,0,3,1,
2206.12170,measured,1,0,0,0,0,0,0,1,1,
2206.15318,measured,1,0,0,0,0,0,0,8,1,
2207.02925,measured,1,0,0,0,0,0,0,8,1,
2207.08452,measured,1,0,0,0,0,0,1,10,8,
2207.13368,measured,1,1,1,0,0,0,1,1,1,"J.-E., Lee, S., Lee, S., {et~al.} 2021, ApJL, 916, L20, \dodoi{10.3847/2041-8213/ac0d59} \bibitem[{Lindegren(2018)}]{Lindegren2018RUWE} Lindegren, L. 2018, {Re-normalising the Astrometric Chi-square in Gaia DR2}, Tech. Rep. GAIA-C3-TN-LU-LL-124-01. \newblock \url{http://www.rssd.esa.int/doc_fetch.php?id=3757412} \bibitem[{Lindegren {et~al.}(2018)"
2208.02257,measured,1,0,0,0,0,0,0,2,2,
2208.05277,measured,1,0,0,0,0,0,1,3,3,
2208.09403,measured,1,0,0,0,0,0,0,2,2,
2208.12112,measured,1,0,0,0,0,0,0,1,1,
2209.03906,measured,1,0,0,0,0,0,0,7,3,
2209.06833,measured,1,0,0,0,0,0,0,1,1,
2209.07885,measured,1,0,0,0,0,0,1,1,1,
2209.09915,measured,1,0,0,0,0,0,0,1,1,
2209.12938,measured,1,0,0,0,0,0,0,1,1,
2209.13107,measured,1,0,0,0,0,0,0,1,1,
2210.01137,measured,1,0,0,0,0,0,0,1,1,
2210.03725,measured,1,0,0,0,0,0,0,3,2,
2210.08510,measured,1,0,0,0,0,0,0,1,1,
2210.11930,measured,1,1,1,0,0,0,0,4,4,"D.~W., {Mierle}, K., {Blanton}, M., \& {Roweis}, S. 2010, \aj, 139, 1782 \bibitem[{Lindegren(2018)}]{Lindegren2018report} Lindegren, L. 2018, technical note GAIA-C3-TN-LU-LL-124 \bibitem[{{Lindegren} {et~al.}(2000){Lindegren}, {Madsen}, \& {Dravins}}]{Lindegren2000} {Lindegren}, L., {Madsen}, S., \& {Dravins}, D. 2000, \aa"
2210.14734,measured,1,0,0,0,0,0,1,2,2,
2211.01449,measured,1,1,1,0,0,0,1,3,3,". 1988, \apj, 332, 891 \bibitem[{{Lindegren}(2018)}]{lindegren18b} {Lindegren}, L. 2018, {Gaia Data Processing and Analysis Consortium (DPAC) technical note GAIA-C3-TN-LU-LL-124-01, available at \url{https://www.cosmos.esa.int/web/gaia/public-dpac-documens}} \bibitem[{{Lindegren} {et~al.}(2021{\natexlab{a}}){Lindegren}, {B"
2211.01534,measured,1,0,0,0,0,0,0,1,1,
2211.08852,measured,1,0,0,0,0,0,0,1,1,
2211.14322,measured,1,0,0,0,0,0,0,3,1,
2212.02542,measured,1,0,0,0,0,0,0,5,2,
2212.08249,measured,1,0,0,0,0,0,0,1,1,
2301.01722,measured,1,0,0,0,0,0,1,2,1,
2301.03777,measured,1,0,0,0,0,0,0,4,3,
2301.12109,measured,1,0,0,0,0,0,0,1,1,
2302.00053,measured,1,0,0,0,0,0,0,1,1,
2302.04348,measured,1,1,1,1,1,1,0,4,2,"ess the reliability of astrometric data. It is expected to be $\sim 1.0$ for sources for which the single-star astrometric solution is a good fit \citep{2018LL-LL-124L} while a RUWE $> 1.4$ is a sign of an unresolved binary system \citep{2021ApJ...907L..33S, 2021MNRAS.506.2269E}. We chose a slightly less robust threshold bec"
2303.17424,measured,1,0,0,0,0,0,0,2,2,
2304.00226,measured,1,0,0,0,0,0,1,1,1,
2304.01671,measured,1,0,0,0,0,0,1,11,7,
2304.02209,measured,1,0,0,0,0,0,0,1,1,
2304.07322,measured,1,0,0,0,0,0,0,10,3,
2304.08370,measured,1,0,0,0,0,0,0,5,5,
2305.09215,measured,1,0,0,0,0,0,0,2,2,
2305.09414,measured,1,0,0,0,0,0,0,1,1,
2305.18147,measured,0,0,0,0,0,0,0,1,1,
2306.03357,measured,1,0,0,0,0,0,1,1,1,
2307.01337,measured,1,0,0,0,0,0,0,4,4,
2307.01688,measured,1,1,1,0,0,0,0,1,1,"bitem[\protect\citeauthoryear{Lindegren}{Lindegren}{2018}]{Lindegren2018} Lindegren L., 2018, {R}e-normalising the astrometric chi-square in {G}aia {D}{R}2, GAIA-C3-TN-LU-LL-124, \url {http://www.rssd.esa.int/doc_fetch.php?id=3757412} \bibitem[\protect\citeauthoryear{{Liu} et~al.,}{{Liu} et~al.}{2020}]{Liu2020_LAMOST_MSR"
2307.13719,measured,1,0,0,0,0,0,1,3,3,
2308.00104,measured,1,0,0,0,0,0,0,11,7,
2308.08584,measured,1,0,0,0,0,0,1,4,4,
2308.12330,measured,1,0,0,0,0,0,0,2,2,
2308.12489,measured,1,0,0,0,0,0,0,1,1,
2308.13039,measured,1,0,0,0,0,0,0,2,2,
2309.10148,measured,1,0,0,0,0,0,0,7,3,
2309.10862,measured,1,0,0,0,0,0,0,3,3,
2310.03654,measured,1,0,0,0,0,0,0,4,4,
2310.05653,measured,1,0,0,0,0,0,1,1,1,
2311.08358,measured,1,0,0,0,0,0,0,1,1,
2311.08489,measured,1,0,0,0,0,0,0,6,1,
2312.02735,measured,1,0,0,0,0,0,0,2,1,
2312.05301,measured,1,0,0,0,0,0,0,1,1,
2312.11124,measured,1,0,0,0,0,0,0,3,1,
2312.11664,measured,1,1,1,0,0,0,1,2,1,"~G. 1988, \apj, 332, 891 \bibitem[{{Lindegren}(2018)}]{lindegren18b} {Lindegren}, L. 2018, {Gaia Data Processing and Analysis Consortium (DPAC) technical note GAIA-C3-TN-LU-LL-124-01, available at \url{https://www.cosmos.esa.int/web/gaia/public-dpac-documents}} \bibitem[{{Lindegren} {et~al.}(2018){Lindegren}, {Hern{\'a}ndez}, "
2401.03959,measured,1,0,0,0,0,0,0,2,2,
2401.04173,measured,1,0,0,0,0,0,0,3,1,
2401.05630,measured,1,0,0,0,0,0,1,1,1,
2401.08546,measured,1,0,0,0,0,0,0,1,1,
2402.13223,measured,1,0,0,0,0,0,1,1,1,
2402.15101,measured,1,0,0,0,0,0,0,1,1,
2402.15438,measured,1,0,0,0,0,0,0,5,3,
2403.03261,measured,1,0,0,0,0,0,0,2,2,
2403.04592,measured,1,0,0,0,0,0,1,12,2,
2403.04606,measured,1,0,0,0,0,0,1,4,4,
2403.12146,measured,1,1,1,0,0,0,0,3,2,"%Type = Article \bibitem[{Lindegren et~al.(2018)}]{lindegren2018_ruwe} \bibinfo{author}{Lindegren, L.}, et~al., \bibinfo{year}{2018}. \newblock \bibinfo{title}{Re-normalising the astrometric chi-square in gaia dr2}. \newblock \bibinfo{journal}{Gaia Technical Note: GAIA-C3-TN-LU-LL-124-01} . %Type = Article \bibitem[{{Manchanda} et~al.(2023){Manchanda"
2404.11022,measured,1,0,0,0,0,0,1,2,2,
2404.14127,measured,1,1,1,1,1,1,0,7,4,"}, {Arenou}, \& {Th{\'e}venin}}]{2022A&A...657A...7K} {Kervella}, P., {Arenou}, F., \& {Th{\'e}venin}, F. 2022, \aap, 657, A7 \bibitem[{Lindegren(2018)}]{LL:LL-124} Lindegren, L. 2018, gAIA-C3-TN-LU-LL-124 \bibitem[{Lindegren(2022)}]{LL:LL-136} Lindegren, L. 2022, gAIA-C3-TN-LU-LL-136 \bibitem[{{Lindegren} {et~al.}(2021"
2404.19676,measured,1,1,1,0,0,0,0,1,1,"70, 32 \bibitem[{{Lamzin}(1998)}]{lamzin1998} {Lamzin}, S.~A. 1998, Astronomy Reports, 42, 322 \bibitem[{Lindegren(2018)}]{lindegren2018} Lindegren, L. 2018, gAIA-C3-TN-LU-LL-124 \bibitem[{{Lindegren} {et~al.}(2021){Lindegren}, {Bastian}, {Biermann}, {Bombrun}, {de Torres}, {Gerlach}, {Geyer}, {Hern{\'a}ndez}, {Hilger}, {"
2405.10379,measured,1,1,1,0,0,0,0,1,1,"bibitem[\protect\citeauthoryear{Lindegren}{Lindegren}{2018}]{lindegren2018} Lindegren L., 2018, {R}e-normalising the astrometric chi-square in {G}aia {D}{R}2, GAIA-C3-TN-LU-LL-124, \url {http://www.rssd.esa.int/doc_fetch.php?id=3757412} \bibitem[\protect\citeauthoryear{{Mann} et~al.,}{{Mann} et~al.}{2019}]{Mann2019} {Mann} A.~"
2406.04288,measured,1,0,0,0,0,0,0,3,1,
2406.07196,measured,1,0,0,0,0,0,1,3,3,
2407.04765,measured,1,0,0,0,0,0,0,1,1,
2407.10823,measured,1,0,0,0,0,0,0,4,4,
2407.12583,measured,1,0,0,0,0,0,0,1,1,
2407.18828,measured,1,0,0,0,0,0,0,1,1,
2408.05423,measured,1,0,0,0,0,0,0,3,1,
2409.16992,measured,1,0,0,0,0,0,1,19,7,
2410.14372,measured,1,1,1,0,0,0,1,5,5,"te University, United States \bibitem[{Lindegren(2019)}]{LL:LL-125} Lindegren, L. 2019, {Gaia} Data Processing and Analysis Consortium (DPAC) technical note GAIA-C3-TN-LU-LL-125, \url{http://www.cosmos.esa.int/web/gaia/public-dpac-documents} \bibitem[{{Lindegren} {et~al.}(2018){Lindegren}, {Hern{\'a}ndez}, {Bombrun}, {Kl"
2410.20194,measured,1,0,0,0,0,0,0,2,1,
2411.00088,measured,1,1,1,0,0,0,0,9,8,"m[\protect\citeauthoryear{Lindegren}{Lindegren}{2018}]{Lindegren_2018_RUWE} Lindegren L., 2018, {R}e-normalising the astrometric chi-square in {G}aia {D}{R}2, GAIA-C3-TN-LU-LL-124, \url {http://www.rssd.esa.int/doc_fetch.php?id=3757412} \bibitem[\protect\citeauthoryear{Lindegren}{Lindegren}{2022}]{Lindegren2022} Lindegren L., "
2412.08465,measured,1,0,0,0,0,0,0,9,9,
2501.06295,measured,1,0,0,0,0,0,0,4,3,
2501.08486,measured,1,0,0,0,0,0,0,6,1,
2501.14462,measured,1,0,0,0,0,0,1,15,8,
2501.14494,measured,1,0,0,0,0,0,0,3,3,
2501.14955,measured,1,0,0,0,0,0,0,1,1,
2501.18719,measured,1,1,1,0,0,0,1,4,1," {Zhong}, \& {Chen}}]{li20} {Li}, L., {Shao}, Z., {Li}, Z.-Z., {et~al.} 2020, \apj, 901, 49 \bibitem[{Lindegren(2018)}]{lindegrenruwe18} Lindegren, L. 2018, gAIA-C3-TN-LU-LL-124 \bibitem[{{Lindegren} {et~al.}(2021{\natexlab{a}}){Lindegren}, {Bastian}, {Biermann}, {Bombrun}, {de Torres}, {Gerlach}, {Geyer}, {Hern{\'a}ndez},"
2502.01910,measured,1,0,0,0,0,0,1,3,3,
2502.08068,measured,1,0,0,0,0,0,0,3,2,
2502.09373,measured,1,0,0,0,0,0,0,15,3,
2503.02657,measured,1,0,0,0,0,0,0,1,1,
2503.05160,measured,1,0,0,0,0,0,0,1,1,
2503.08286,measured,1,0,0,0,0,0,1,2,1,
2503.08583,measured,1,0,0,0,0,0,0,1,1,
2504.06362,measured,1,0,0,0,0,0,0,1,1,
2504.06973,measured,1,0,0,0,0,0,0,1,1,
2504.07569,measured,1,0,0,0,0,0,0,6,1,
2504.11528,measured,1,1,1,0,0,0,1,29,12,"m[\protect\citeauthoryear{Lindegren}{Lindegren}{2018}]{Lindegren_2018_RUWE} Lindegren L., 2018, {R}e-normalising the astrometric chi-square in {G}aia {D}{R}2, GAIA-C3-TN-LU-LL-124, \url {https://dms.cosmos.esa.int/COSMOS/doc_fetch.php?id=3757412} \bibitem[\protect\citeauthoryear{Lindegren}{Lindegren}{2022}]{Lindegren2022} Lind"
2505.03085,measured,1,0,0,0,0,0,0,1,1,
2505.03716,measured,1,0,0,0,0,0,0,1,1,
2505.12563,measured,1,0,0,0,0,0,1,6,2,
2506.02763,measured,1,0,0,0,0,0,0,1,1,
2506.07499,measured,1,0,0,0,0,0,1,3,1,
2506.16513,measured,1,0,0,0,0,0,0,1,1,
2506.19933,measured,1,0,0,0,0,0,0,1,1,
2506.21768,measured,1,0,0,0,0,0,0,2,2,
2506.22399,measured,1,0,0,0,0,0,1,5,5,
2507.15936,measured,0,0,0,0,0,0,0,1,1,
2508.01127,measured,1,0,0,0,0,0,0,2,2,
2508.08364,measured,1,0,0,0,0,0,1,3,2,
2508.09845,measured,1,0,0,0,0,0,0,1,1,
2508.14875,measured,1,0,0,0,0,0,0,1,1,
2509.03361,measured,1,0,0,0,0,0,0,1,1,
2509.13412,measured,1,0,0,0,0,0,1,4,1,
2510.13288,measured,1,0,0,0,0,0,0,1,1,
2510.19810,measured,1,1,1,1,1,1,0,2,2,"ised unit weight error (RUWE), removing poor astrometric solutions and binaries, leaving only stars with $\textnormal{RUWE}<1.4$ in the final dataset \citep{LL:LL-124}. After these astrometric quality cuts, some additional quality criteria on the photometric measurements from $Gaia$ had to be taken into account. It is rec"
2511.02539,measured,1,0,0,0,0,0,0,1,1,
2511.07554,measured,0,0,0,0,0,0,0,2,2,
2511.15610,measured,0,0,0,0,0,0,0,2,2,
2511.20923,measured,0,0,0,0,0,0,0,1,1,
2601.05387,measured,0,0,0,0,0,0,0,5,2,
2601.09671,measured,0,0,0,0,0,0,0,4,1,
2601.14367,measured,0,0,0,0,0,0,0,1,1,
2602.02910,measured,0,0,0,0,0,0,1,2,1,
2603.00229,measured,1,1,1,0,0,0,0,2,1,"ck et al.(2024)]{Linck:2024} Linck, E., Mathieu, R.\,d., \& Latham, D.~W.\ 2024, \aj, 168, 205 \bibitem[Lindegren(2018)]{Lindegren:2018} Lindegren, L. 2018, Re-normalising the Astrometric chi-square in Gaia~DR2, GAIA-C3-TN-LU-LL-124-01, (Lund: Gaia~DPAC) \bibitem[Lindegren et al.(2021)]{Lindegren:2021} Lindegren, L., Bastian, U., Biermann, M., "
2603.02327,measured,0,0,0,0,0,0,0,1,1,
